1/16120, Metric:, 0.4000000059604645
2/16120, Metric:, 0.2857142984867096
3/16120, Metric:, 0.3809524178504944
4/16120, Metric:, 0.4259259104728699
5/16120, Metric:, 0.4259259104728699
6/16120, Metric:, 0.3638095259666443
7/16120, Metric:, 0.36424243450164795
8/16120, Metric:, 0.3827838897705078
9/16120, Metric:, 0.45404598116874695
10/16120, Metric:, 0.4307359457015991
11/16120, Metric:, 0.39549484848976135
12/16120, Metric:, 0.4454948902130127
13/16120, Metric:, 0.44601085782051086
14/16120, Metric:, 0.454365074634552
15/16120, Metric:, 0.44880953431129456
16/16120, Metric:, 0.39758792519569397
17/16120, Metric:, 0.35256409645080566
18/16120, Metric:, 0.35305720567703247
19/16120, Metric:, 0.3504273593425751
20/16120, Metric:, 0.3510167896747589
21/16120, Metric:, 0.3562639355659485
22/16120, Metric:, 0.34789377450942993
23/16120, Metric:, 0.2997402846813202
24/16120, Metric:, 0.29668110609054565
25/16120, Metric:, 0.34001442790031433
26/16120, Metric:, 0.3168783485889435
27/16120, Metric:, 0.3613227903842926
28/16120, Metric:, 0.3568539321422577
29/16120, Metric:, 0.37057003378868103
30/16120, Metric:, 0.3638741075992584
31/16120, Metric:, 0.35990583896636963
32/16120, Metric:, 0.36320656538009644
33/16120, Metric:, 0.34877657890319824
34/16120, Metric:, 0.3255160450935364
35/16120, Metric:, 0.32785728573799133
36/16120, Metric:, 0.33035433292388916
37/16120, Metric:, 0.3334880769252777
38/16120, Metric:, 0.32976511120796204
39/16120, Metric:, 0.31721702218055725
40/16120, Metric:, 0.3210107386112213
41/16120, Metric:, 0.3149591088294983
42/16120, Metric:, 0.34978073835372925
43/16120, Metric:, 0.3484141528606415
44/16120, Metric:, 0.3589366376399994
45/16120, Metric:, 0.3552694320678711
46/16120, Metric:, 0.2868054211139679
47/16120, Metric:, 0.28850609064102173
48/16120, Metric:, 0.28784969449043274
49/16120, Metric:, 0.3148309290409088
50/16120, Metric:, 0.31583651900291443
51/16120, Metric:, 0.3173341453075409
52/16120, Metric:, 0.2998248338699341
53/16120, Metric:, 0.2966312766075134
54/16120, Metric:, 0.2969978451728821
55/16120, Metric:, 0.29218026995658875
56/16120, Metric:, 0.28079479932785034
57/16120, Metric:, 0.2749027609825134
58/16120, Metric:, 0.2752372622489929
59/16120, Metric:, 0.276917964220047
60/16120, Metric:, 0.274453729391098
61/16120, Metric:, 0.2759667634963989
62/16120, Metric:, 0.2716276943683624
63/16120, Metric:, 0.27086523175239563
64/16120, Metric:, 0.2704125642776489
65/16120, Metric:, 0.269723504781723
66/16120, Metric:, 0.26455292105674744
67/16120, Metric:, 0.2648228406906128
68/16120, Metric:, 0.27217522263526917
69/16120, Metric:, 0.27091047167778015
70/16120, Metric:, 0.27049320936203003
71/16120, Metric:, 0.2754703164100647
72/16120, Metric:, 0.27557098865509033
73/16120, Metric:, 0.27531853318214417
74/16120, Metric:, 0.27659204602241516
75/16120, Metric:, 0.27712178230285645
76/16120, Metric:, 0.2750038802623749
77/16120, Metric:, 0.2752489149570465
78/16120, Metric:, 0.274235337972641
79/16120, Metric:, 0.27237313985824585
80/16120, Metric:, 0.27140510082244873
81/16120, Metric:, 0.2716468870639801
82/16120, Metric:, 0.27253952622413635
83/16120, Metric:, 0.27450305223464966
84/16120, Metric:, 0.2830459773540497
85/16120, Metric:, 0.28538456559181213
86/16120, Metric:, 0.28614214062690735
87/16120, Metric:, 0.2888704538345337
88/16120, Metric:, 0.2968944013118744
89/16120, Metric:, 0.29481375217437744
90/16120, Metric:, 0.2929620146751404
91/16120, Metric:, 0.29059162735939026
92/16120, Metric:, 0.29061517119407654
93/16120, Metric:, 0.2903119921684265
94/16120, Metric:, 0.2886534631252289
95/16120, Metric:, 0.2995416522026062
96/16120, Metric:, 0.30015742778778076
97/16120, Metric:, 0.29787272214889526
98/16120, Metric:, 0.29814413189888
99/16120, Metric:, 0.29680904746055603
100/16120, Metric:, 0.2951975166797638
101/16120, Metric:, 0.2805836796760559
102/16120, Metric:, 0.28077253699302673
103/16120, Metric:, 0.28202179074287415
104/16120, Metric:, 0.28222212195396423
105/16120, Metric:, 0.3135928809642792
106/16120, Metric:, 0.31188568472862244
107/16120, Metric:, 0.30992358922958374
108/16120, Metric:, 0.31046271324157715
109/16120, Metric:, 0.31015801429748535
110/16120, Metric:, 0.3098636865615845
111/16120, Metric:, 0.31054961681365967
112/16120, Metric:, 0.3076511025428772
113/16120, Metric:, 0.30502474308013916
114/16120, Metric:, 0.3044694662094116
115/16120, Metric:, 0.3058953881263733
116/16120, Metric:, 0.3060652017593384
117/16120, Metric:, 0.3043515682220459
118/16120, Metric:, 0.30564796924591064
119/16120, Metric:, 0.3081984221935272
120/16120, Metric:, 0.31023505330085754
121/16120, Metric:, 0.3099364936351776
122/16120, Metric:, 0.3114042580127716
123/16120, Metric:, 0.31298530101776123
124/16120, Metric:, 0.32763785123825073
125/16120, Metric:, 0.3271831274032593
126/16120, Metric:, 0.32818686962127686
127/16120, Metric:, 0.3271743655204773
128/16120, Metric:, 0.3257111608982086
129/16120, Metric:, 0.3240651786327362
130/16120, Metric:, 0.322795033454895
131/16120, Metric:, 0.32552701234817505
132/16120, Metric:, 0.32472580671310425
133/16120, Metric:, 0.3228178322315216
134/16120, Metric:, 0.32385456562042236
135/16120, Metric:, 0.32361292839050293
136/16120, Metric:, 0.3284063935279846
137/16120, Metric:, 0.32728111743927
138/16120, Metric:, 0.3265719413757324
139/16120, Metric:, 0.3265530467033386
140/16120, Metric:, 0.3265317678451538
141/16120, Metric:, 0.32650429010391235
142/16120, Metric:, 0.3254825472831726
143/16120, Metric:, 0.32402878999710083
144/16120, Metric:, 0.32437941431999207
145/16120, Metric:, 0.3225882351398468
146/16120, Metric:, 0.32238876819610596
147/16120, Metric:, 0.3292323052883148
148/16120, Metric:, 0.3284302353858948
149/16120, Metric:, 0.32397618889808655
150/16120, Metric:, 0.324091374874115
151/16120, Metric:, 0.32227823138237
152/16120, Metric:, 0.322409063577652
153/16120, Metric:, 0.32269906997680664
154/16120, Metric:, 0.32149386405944824
155/16120, Metric:, 0.3213198781013489
156/16120, Metric:, 0.32443609833717346
157/16120, Metric:, 0.32315513491630554
158/16120, Metric:, 0.32226353883743286
159/16120, Metric:, 0.32228198647499084
160/16120, Metric:, 0.32256898283958435
161/16120, Metric:, 0.3200012743473053
162/16120, Metric:, 0.3201194107532501
163/16120, Metric:, 0.3202349841594696
164/16120, Metric:, 0.3228262662887573
165/16120, Metric:, 0.31966182589530945
166/16120, Metric:, 0.31713297963142395
167/16120, Metric:, 0.31696102023124695
168/16120, Metric:, 0.3150979280471802
169/16120, Metric:, 0.3130275309085846
170/16120, Metric:, 0.3124445080757141
171/16120, Metric:, 0.3125531077384949
172/16120, Metric:, 0.31064605712890625
173/16120, Metric:, 0.3130330741405487
174/16120, Metric:, 0.3120826184749603
175/16120, Metric:, 0.30952686071395874
176/16120, Metric:, 0.30844300985336304
177/16120, Metric:, 0.3090447783470154
178/16120, Metric:, 0.3093082904815674
179/16120, Metric:, 0.3061702847480774
180/16120, Metric:, 0.306229829788208
181/16120, Metric:, 0.3067318797111511
182/16120, Metric:, 0.3049861490726471
183/16120, Metric:, 0.3086090087890625
184/16120, Metric:, 0.3067503869533539
185/16120, Metric:, 0.3083351254463196
186/16120, Metric:, 0.3077121376991272
187/16120, Metric:, 0.3060428202152252
188/16120, Metric:, 0.30590084195137024
189/16120, Metric:, 0.3057610094547272
190/16120, Metric:, 0.3089783787727356
191/16120, Metric:, 0.3088388741016388
192/16120, Metric:, 0.3085203766822815
193/16120, Metric:, 0.3078885078430176
194/16120, Metric:, 0.30891767144203186
195/16120, Metric:, 0.309009313583374
196/16120, Metric:, 0.31266912817955017
197/16120, Metric:, 0.31341081857681274
198/16120, Metric:, 0.3145212233066559
199/16120, Metric:, 0.31316807866096497
200/16120, Metric:, 0.3132582902908325
201/16120, Metric:, 0.31267401576042175
202/16120, Metric:, 0.31515058875083923
203/16120, Metric:, 0.315990686416626
204/16120, Metric:, 0.3166942000389099
205/16120, Metric:, 0.3180517256259918
206/16120, Metric:, 0.31778624653816223
207/16120, Metric:, 0.3186078369617462
208/16120, Metric:, 0.3184989392757416
209/16120, Metric:, 0.3183586895465851
210/16120, Metric:, 0.32271909713745117
211/16120, Metric:, 0.3231409788131714
212/16120, Metric:, 0.321199893951416
213/16120, Metric:, 0.3195452094078064
214/16120, Metric:, 0.31962981820106506
215/16120, Metric:, 0.3225635290145874
216/16120, Metric:, 0.32184505462646484
217/16120, Metric:, 0.32022514939308167
218/16120, Metric:, 0.31917357444763184
219/16120, Metric:, 0.3175969123840332
220/16120, Metric:, 0.3182206153869629
221/16120, Metric:, 0.3188067674636841
222/16120, Metric:, 0.31640109419822693
223/16120, Metric:, 0.3169637620449066
224/16120, Metric:, 0.31644129753112793
225/16120, Metric:, 0.31629228591918945
226/16120, Metric:, 0.3154345750808716
227/16120, Metric:, 0.3149678409099579
228/16120, Metric:, 0.3142603635787964
229/16120, Metric:, 0.31404218077659607
230/16120, Metric:, 0.3159237802028656
231/16120, Metric:, 0.31450599431991577
232/16120, Metric:, 0.3136320114135742
233/16120, Metric:, 0.31241080164909363
234/16120, Metric:, 0.31341123580932617
235/16120, Metric:, 0.31305992603302
236/16120, Metric:, 0.3116247057914734
237/16120, Metric:, 0.3116970360279083
238/16120, Metric:, 0.31859835982322693
239/16120, Metric:, 0.3154582679271698
240/16120, Metric:, 0.31531134247779846
241/16120, Metric:, 0.3154281675815582
242/16120, Metric:, 0.3148808479309082
243/16120, Metric:, 0.31495070457458496
244/16120, Metric:, 0.3152346611022949
245/16120, Metric:, 0.3122742772102356
246/16120, Metric:, 0.31296607851982117
247/16120, Metric:, 0.3126401901245117
248/16120, Metric:, 0.31270837783813477
249/16120, Metric:, 0.30998513102531433
250/16120, Metric:, 0.3084040880203247
251/16120, Metric:, 0.3079754412174225
252/16120, Metric:, 0.30736827850341797
253/16120, Metric:, 0.30682373046875
254/16120, Metric:, 0.30890434980392456
255/16120, Metric:, 0.3092149496078491
256/16120, Metric:, 0.3097322881221771
257/16120, Metric:, 0.31142380833625793
258/16120, Metric:, 0.3106108605861664
259/16120, Metric:, 0.3102809488773346
260/16120, Metric:, 0.3103063404560089
261/16120, Metric:, 0.31074684858322144
262/16120, Metric:, 0.3106285035610199
263/16120, Metric:, 0.30964118242263794
264/16120, Metric:, 0.30984067916870117
265/16120, Metric:, 0.3104454576969147
266/16120, Metric:, 0.3135722577571869
267/16120, Metric:, 0.31344708800315857
268/16120, Metric:, 0.3140257000923157
269/16120, Metric:, 0.31274139881134033
270/16120, Metric:, 0.31231051683425903
271/16120, Metric:, 0.3125361204147339
272/16120, Metric:, 0.3120507001876831
273/16120, Metric:, 0.3143576383590698
274/16120, Metric:, 0.3144424557685852
275/16120, Metric:, 0.3140895962715149
276/16120, Metric:, 0.3140491843223572
277/16120, Metric:, 0.3129565119743347
278/16120, Metric:, 0.3128547668457031
279/16120, Metric:, 0.3148239850997925
280/16120, Metric:, 0.31631240248680115
281/16120, Metric:, 0.31660696864128113
282/16120, Metric:, 0.31648921966552734
283/16120, Metric:, 0.3166735768318176
284/16120, Metric:, 0.3167326748371124
285/16120, Metric:, 0.3166353106498718
286/16120, Metric:, 0.3168162405490875
287/16120, Metric:, 0.31672072410583496
288/16120, Metric:, 0.3158407509326935
289/16120, Metric:, 0.3157285451889038
290/16120, Metric:, 0.3157908022403717
291/16120, Metric:, 0.3155550956726074
292/16120, Metric:, 0.3150098919868469
293/16120, Metric:, 0.3148840367794037
294/16120, Metric:, 0.31479284167289734
295/16120, Metric:, 0.31581830978393555
296/16120, Metric:, 0.3156840205192566
297/16120, Metric:, 0.3152467608451843
298/16120, Metric:, 0.3149555027484894
299/16120, Metric:, 0.31420329213142395
300/16120, Metric:, 0.31392452120780945
301/16120, Metric:, 0.31421706080436707
302/16120, Metric:, 0.31387966871261597
303/16120, Metric:, 0.3137698173522949
304/16120, Metric:, 0.31343328952789307
305/16120, Metric:, 0.31366121768951416
306/16120, Metric:, 0.3138267397880554
307/16120, Metric:, 0.31232818961143494
308/16120, Metric:, 0.3122405707836151
309/16120, Metric:, 0.3128267228603363
310/16120, Metric:, 0.31432050466537476
311/16120, Metric:, 0.3142033815383911
312/16120, Metric:, 0.3128858506679535
313/16120, Metric:, 0.3150422275066376
314/16120, Metric:, 0.3159361183643341
315/16120, Metric:, 0.31684401631355286
316/16120, Metric:, 0.3157689571380615
317/16120, Metric:, 0.3143928349018097
318/16120, Metric:, 0.3148251473903656
319/16120, Metric:, 0.31406062841415405
320/16120, Metric:, 0.31365472078323364
321/16120, Metric:, 0.3138047158718109
322/16120, Metric:, 0.31335189938545227
323/16120, Metric:, 0.3137649893760681
324/16120, Metric:, 0.31417351961135864
325/16120, Metric:, 0.31356120109558105
326/16120, Metric:, 0.31361865997314453
327/16120, Metric:, 0.3140197992324829
328/16120, Metric:, 0.3128167986869812
329/16120, Metric:, 0.3125903606414795
330/16120, Metric:, 0.3127330541610718
331/16120, Metric:, 0.3125651180744171
332/16120, Metric:, 0.31152260303497314
333/16120, Metric:, 0.311580091714859
334/16120, Metric:, 0.3113216757774353
335/16120, Metric:, 0.3107202649116516
336/16120, Metric:, 0.3106529116630554
337/16120, Metric:, 0.30937594175338745
338/16120, Metric:, 0.30943188071250916
339/16120, Metric:, 0.30971890687942505
340/16120, Metric:, 0.30899766087532043
341/16120, Metric:, 0.3090518116950989
342/16120, Metric:, 0.30831336975097656
343/16120, Metric:, 0.3074852228164673
344/16120, Metric:, 0.30709215998649597
345/16120, Metric:, 0.3100745677947998
346/16120, Metric:, 0.31300705671310425
347/16120, Metric:, 0.31314122676849365
348/16120, Metric:, 0.3135048747062683
349/16120, Metric:, 0.3129656910896301
350/16120, Metric:, 0.31309276819229126
351/16120, Metric:, 0.312977135181427
352/16120, Metric:, 0.3128959536552429
353/16120, Metric:, 0.31325846910476685
354/16120, Metric:, 0.31176435947418213
355/16120, Metric:, 0.30910319089889526
356/16120, Metric:, 0.30893516540527344
357/16120, Metric:, 0.30858293175697327
358/16120, Metric:, 0.30834147334098816
359/16120, Metric:, 0.3083883225917816
360/16120, Metric:, 0.3072859048843384
361/16120, Metric:, 0.3070501983165741
362/16120, Metric:, 0.3062472641468048
363/16120, Metric:, 0.3049491047859192
364/16120, Metric:, 0.3049103021621704
365/16120, Metric:, 0.3043438792228699
366/16120, Metric:, 0.3060958981513977
367/16120, Metric:, 0.30598336458206177
368/16120, Metric:, 0.3056359887123108
369/16120, Metric:, 0.3055212199687958
370/16120, Metric:, 0.3054562509059906
371/16120, Metric:, 0.3055115044116974
372/16120, Metric:, 0.3051593601703644
373/16120, Metric:, 0.3052821457386017
374/16120, Metric:, 0.30521833896636963
375/16120, Metric:, 0.30526140332221985
376/16120, Metric:, 0.30585357546806335
377/16120, Metric:, 0.3110407888889313
378/16120, Metric:, 0.3105986714363098
379/16120, Metric:, 0.31049999594688416
380/16120, Metric:, 0.31040289998054504
381/16120, Metric:, 0.31019943952560425
382/16120, Metric:, 0.31022119522094727
383/16120, Metric:, 0.31003206968307495
384/16120, Metric:, 0.3096379041671753
385/16120, Metric:, 0.3094305992126465
386/16120, Metric:, 0.30853912234306335
387/16120, Metric:, 0.3083350956439972
388/16120, Metric:, 0.3083801567554474
389/16120, Metric:, 0.30816352367401123
390/16120, Metric:, 0.30810660123825073
391/16120, Metric:, 0.3083398938179016
392/16120, Metric:, 0.306142121553421
393/16120, Metric:, 0.30512237548828125
394/16120, Metric:, 0.3049283027648926
395/16120, Metric:, 0.3052549362182617
396/16120, Metric:, 0.3048214018344879
397/16120, Metric:, 0.3048478364944458
398/16120, Metric:, 0.3043186664581299
399/16120, Metric:, 0.3040911555290222
400/16120, Metric:, 0.30403563380241394
401/16120, Metric:, 0.30437174439430237
402/16120, Metric:, 0.30286362767219543
403/16120, Metric:, 0.30365294218063354
404/16120, Metric:, 0.3029809892177582
405/16120, Metric:, 0.30278822779655457
406/16120, Metric:, 0.3030017614364624
407/16120, Metric:, 0.30284568667411804
408/16120, Metric:, 0.30320966243743896
409/16120, Metric:, 0.30400875210762024
410/16120, Metric:, 0.30339646339416504
411/16120, Metric:, 0.30263686180114746
412/16120, Metric:, 0.30268532037734985
413/16120, Metric:, 0.30305781960487366
414/16120, Metric:, 0.30310583114624023
415/16120, Metric:, 0.3025286793708801
416/16120, Metric:, 0.3057977259159088
417/16120, Metric:, 0.3106013536453247
418/16120, Metric:, 0.3098052740097046
419/16120, Metric:, 0.31600111722946167
420/16120, Metric:, 0.3156498074531555
421/16120, Metric:, 0.3155609965324402
422/16120, Metric:, 0.314947247505188
423/16120, Metric:, 0.3149948716163635
424/16120, Metric:, 0.31478947401046753
425/16120, Metric:, 0.31450414657592773
426/16120, Metric:, 0.31292128562927246
427/16120, Metric:, 0.313122034072876
428/16120, Metric:, 0.313483327627182
429/16120, Metric:, 0.3136342465877533
430/16120, Metric:, 0.3129325211048126
431/16120, Metric:, 0.3129672110080719
432/16120, Metric:, 0.3132244944572449
433/16120, Metric:, 0.31251972913742065
434/16120, Metric:, 0.311664879322052
435/16120, Metric:, 0.3115779757499695
436/16120, Metric:, 0.3117790222167969
437/16120, Metric:, 0.3110211491584778
438/16120, Metric:, 0.31083643436431885
439/16120, Metric:, 0.31073880195617676
440/16120, Metric:, 0.3104496896266937
441/16120, Metric:, 0.31011343002319336
442/16120, Metric:, 0.3101459741592407
443/16120, Metric:, 0.3104914724826813
444/16120, Metric:, 0.31128719449043274
445/16120, Metric:, 0.3113324046134949
446/16120, Metric:, 0.31125012040138245
447/16120, Metric:, 0.3115620017051697
448/16120, Metric:, 0.31086328625679016
449/16120, Metric:, 0.31049153208732605
450/16120, Metric:, 0.3099268674850464
451/16120, Metric:, 0.31020283699035645
452/16120, Metric:, 0.30981960892677307
453/16120, Metric:, 0.3097386062145233
454/16120, Metric:, 0.30978289246559143
455/16120, Metric:, 0.3093414306640625
456/16120, Metric:, 0.3082849085330963
457/16120, Metric:, 0.3082374036312103
458/16120, Metric:, 0.30705636739730835
459/16120, Metric:, 0.30685123801231384
460/16120, Metric:, 0.3068971037864685
461/16120, Metric:, 0.3062633275985718
462/16120, Metric:, 0.30618423223495483
463/16120, Metric:, 0.30626046657562256
464/16120, Metric:, 0.3061070144176483
465/16120, Metric:, 0.30514681339263916
466/16120, Metric:, 0.305174857378006
467/16120, Metric:, 0.3072362542152405
468/16120, Metric:, 0.3069493770599365
469/16120, Metric:, 0.30663907527923584
470/16120, Metric:, 0.3066233992576599
471/16120, Metric:, 0.31218183040618896
472/16120, Metric:, 0.3118878901004791
473/16120, Metric:, 0.31124091148376465
474/16120, Metric:, 0.3109050691127777
475/16120, Metric:, 0.31093287467956543
476/16120, Metric:, 0.310825914144516
477/16120, Metric:, 0.3108685612678528
478/16120, Metric:, 0.3109108805656433
479/16120, Metric:, 0.3112780749797821
480/16120, Metric:, 0.3112010061740875
481/16120, Metric:, 0.3104173541069031
482/16120, Metric:, 0.3104846179485321
483/16120, Metric:, 0.3097735345363617
484/16120, Metric:, 0.30873286724090576
485/16120, Metric:, 0.3085084557533264
486/16120, Metric:, 0.3076050579547882
487/16120, Metric:, 0.30725622177124023
488/16120, Metric:, 0.30709341168403625
489/16120, Metric:, 0.3074837625026703
490/16120, Metric:, 0.3070489764213562
491/16120, Metric:, 0.30730581283569336
492/16120, Metric:, 0.30698633193969727
493/16120, Metric:, 0.3070266842842102
494/16120, Metric:, 0.3085252642631531
495/16120, Metric:, 0.3093552887439728
496/16120, Metric:, 0.3092668950557709
497/16120, Metric:, 0.3095167875289917
498/16120, Metric:, 0.3119644522666931
499/16120, Metric:, 0.3120042085647583
500/16120, Metric:, 0.3116309642791748
501/16120, Metric:, 0.31110402941703796
502/16120, Metric:, 0.31060364842414856
503/16120, Metric:, 0.3115747570991516
504/16120, Metric:, 0.3117223083972931
505/16120, Metric:, 0.3116911053657532
506/16120, Metric:, 0.311433881521225
507/16120, Metric:, 0.3118334710597992
508/16120, Metric:, 0.31176236271858215
509/16120, Metric:, 0.3116759955883026
510/16120, Metric:, 0.31160467863082886
511/16120, Metric:, 0.31141647696495056
512/16120, Metric:, 0.31070661544799805
513/16120, Metric:, 0.3112005591392517
514/16120, Metric:, 0.3112106919288635
515/16120, Metric:, 0.31080496311187744
516/16120, Metric:, 0.3106469511985779
517/16120, Metric:, 0.31014373898506165
518/16120, Metric:, 0.3099829852581024
519/16120, Metric:, 0.3096391558647156
520/16120, Metric:, 0.3100602924823761
521/16120, Metric:, 0.3098629415035248
522/16120, Metric:, 0.310103178024292
523/16120, Metric:, 0.3112640976905823
524/16120, Metric:, 0.31067660450935364
525/16120, Metric:, 0.31079232692718506
526/16120, Metric:, 0.3108810782432556
527/16120, Metric:, 0.3110946714878082
528/16120, Metric:, 0.31082889437675476
529/16120, Metric:, 0.3104635179042816
530/16120, Metric:, 0.3109070062637329
531/16120, Metric:, 0.3109445571899414
532/16120, Metric:, 0.310981810092926
533/16120, Metric:, 0.31078624725341797
534/16120, Metric:, 0.30948716402053833
535/16120, Metric:, 0.30938348174095154
536/16120, Metric:, 0.30910760164260864
537/16120, Metric:, 0.30914437770843506
538/16120, Metric:, 0.3103637397289276
539/16120, Metric:, 0.3096480667591095
540/16120, Metric:, 0.3097167909145355
541/16120, Metric:, 0.30996423959732056
542/16120, Metric:, 0.30951035022735596
543/16120, Metric:, 0.3091978430747986
544/16120, Metric:, 0.3086676001548767
545/16120, Metric:, 0.3086257874965668
546/16120, Metric:, 0.308704137802124
547/16120, Metric:, 0.30816397070884705
548/16120, Metric:, 0.30881962180137634
549/16120, Metric:, 0.3082176744937897
550/16120, Metric:, 0.30784735083580017
551/16120, Metric:, 0.3069074749946594
552/16120, Metric:, 0.3067655563354492
553/16120, Metric:, 0.3068012297153473
554/16120, Metric:, 0.307007372379303
555/16120, Metric:, 0.30719953775405884
556/16120, Metric:, 0.3071267306804657
557/16120, Metric:, 0.30705419182777405
558/16120, Metric:, 0.30639514327049255
559/16120, Metric:, 0.3066772520542145
560/16120, Metric:, 0.30649858713150024
561/16120, Metric:, 0.3063739240169525
562/16120, Metric:, 0.3059844374656677
563/16120, Metric:, 0.30597883462905884
564/16120, Metric:, 0.3060021996498108
565/16120, Metric:, 0.30597853660583496
566/16120, Metric:, 0.30609166622161865
567/16120, Metric:, 0.30657443404197693
568/16120, Metric:, 0.30633240938186646
569/16120, Metric:, 0.30629202723503113
570/16120, Metric:, 0.306609183549881
571/16120, Metric:, 0.30607402324676514
572/16120, Metric:, 0.30599498748779297
573/16120, Metric:, 0.3063019812107086
574/16120, Metric:, 0.30684390664100647
575/16120, Metric:, 0.306673139333725
576/16120, Metric:, 0.3061765730381012
577/16120, Metric:, 0.30588147044181824
578/16120, Metric:, 0.3057362735271454
579/16120, Metric:, 0.3053153455257416
580/16120, Metric:, 0.3047952950000763
581/16120, Metric:, 0.3054813742637634
582/16120, Metric:, 0.30503973364830017
583/16120, Metric:, 0.305433064699173
584/16120, Metric:, 0.3049312233924866
585/16120, Metric:, 0.30417153239250183
586/16120, Metric:, 0.30344316363334656
587/16120, Metric:, 0.302985280752182
588/16120, Metric:, 0.3027787208557129
589/16120, Metric:, 0.3028132915496826
590/16120, Metric:, 0.3023373484611511
591/16120, Metric:, 0.3017953336238861
592/16120, Metric:, 0.30173495411872864
593/16120, Metric:, 0.3016102612018585
594/16120, Metric:, 0.30168333649635315
595/16120, Metric:, 0.3015645146369934
596/16120, Metric:, 0.3017811179161072
597/16120, Metric:, 0.3017129898071289
598/16120, Metric:, 0.30173277854919434
599/16120, Metric:, 0.3014288544654846
600/16120, Metric:, 0.30129870772361755
601/16120, Metric:, 0.30151835083961487
602/16120, Metric:, 0.30149826407432556
603/16120, Metric:, 0.30056899785995483
604/16120, Metric:, 0.30034878849983215
605/16120, Metric:, 0.30032896995544434
606/16120, Metric:, 0.3004521429538727
607/16120, Metric:, 0.30032309889793396
608/16120, Metric:, 0.2998087406158447
609/16120, Metric:, 0.29990166425704956
610/16120, Metric:, 0.2994852662086487
611/16120, Metric:, 0.29964739084243774
612/16120, Metric:, 0.2993062436580658
613/16120, Metric:, 0.2990613281726837
614/16120, Metric:, 0.298539936542511
615/16120, Metric:, 0.2985662519931793
616/16120, Metric:, 0.2989026606082916
617/16120, Metric:, 0.2986125946044922
618/16120, Metric:, 0.2988821864128113
619/16120, Metric:, 0.29891568422317505
620/16120, Metric:, 0.2985536456108093
621/16120, Metric:, 0.29849764704704285
622/16120, Metric:, 0.29844847321510315
623/16120, Metric:, 0.2981475591659546
624/16120, Metric:, 0.29762324690818787
625/16120, Metric:, 0.29754722118377686
626/16120, Metric:, 0.29732078313827515
627/16120, Metric:, 0.2967897355556488
628/16120, Metric:, 0.29675427079200745
629/16120, Metric:, 0.2967866361141205
630/16120, Metric:, 0.29653027653694153
631/16120, Metric:, 0.2964862585067749
632/16120, Metric:, 0.2960917353630066
633/16120, Metric:, 0.2955302596092224
634/16120, Metric:, 0.2951653301715851
635/16120, Metric:, 0.295648992061615
636/16120, Metric:, 0.29494062066078186
637/16120, Metric:, 0.2948826849460602
638/16120, Metric:, 0.29480817914009094
639/16120, Metric:, 0.2948400676250458
640/16120, Metric:, 0.2946883738040924
641/16120, Metric:, 0.29426202178001404
642/16120, Metric:, 0.2941226363182068
643/16120, Metric:, 0.2940114438533783
644/16120, Metric:, 0.2957022488117218
645/16120, Metric:, 0.2957339882850647
646/16120, Metric:, 0.29567795991897583
647/16120, Metric:, 0.2958804666996002
648/16120, Metric:, 0.2959289848804474
649/16120, Metric:, 0.2958948314189911
650/16120, Metric:, 0.2959270179271698
651/16120, Metric:, 0.2956475615501404
652/16120, Metric:, 0.29559698700904846
653/16120, Metric:, 0.2951522469520569
654/16120, Metric:, 0.2948228418827057
655/16120, Metric:, 0.295329749584198
656/16120, Metric:, 0.2951562702655792
657/16120, Metric:, 0.2951732277870178
658/16120, Metric:, 0.29473602771759033
659/16120, Metric:, 0.2944260239601135
660/16120, Metric:, 0.29456591606140137
661/16120, Metric:, 0.29484468698501587
662/16120, Metric:, 0.29498231410980225
663/16120, Metric:, 0.29466500878334045
664/16120, Metric:, 0.29461470246315
665/16120, Metric:, 0.2950005829334259
666/16120, Metric:, 0.29601165652275085
667/16120, Metric:, 0.2959618866443634
668/16120, Metric:, 0.2957076132297516
669/16120, Metric:, 0.2955947518348694
670/16120, Metric:, 0.29552802443504333
671/16120, Metric:, 0.2951944172382355
672/16120, Metric:, 0.2949243485927582
673/16120, Metric:, 0.2951667904853821
674/16120, Metric:, 0.29513391852378845
675/16120, Metric:, 0.2950710654258728
676/16120, Metric:, 0.29559534788131714
677/16120, Metric:, 0.2955471873283386
678/16120, Metric:, 0.2954437732696533
679/16120, Metric:, 0.295462429523468
680/16120, Metric:, 0.29548752307891846
681/16120, Metric:, 0.29544034600257874
682/16120, Metric:, 0.29540812969207764
683/16120, Metric:, 0.29547348618507385
684/16120, Metric:, 0.29495105147361755
685/16120, Metric:, 0.2949753999710083
686/16120, Metric:, 0.29463398456573486
687/16120, Metric:, 0.29436466097831726
688/16120, Metric:, 0.2937205135822296
689/16120, Metric:, 0.29460442066192627
690/16120, Metric:, 0.29427775740623474
691/16120, Metric:, 0.2960575819015503
692/16120, Metric:, 0.29626893997192383
693/16120, Metric:, 0.29598551988601685
694/16120, Metric:, 0.2958785891532898
695/16120, Metric:, 0.2962128520011902
696/16120, Metric:, 0.2970990538597107
697/16120, Metric:, 0.2971285283565521
698/16120, Metric:, 0.2955641746520996
699/16120, Metric:, 0.29566967487335205
700/16120, Metric:, 0.2972714900970459
701/16120, Metric:, 0.2966495156288147
702/16120, Metric:, 0.2963465452194214
703/16120, Metric:, 0.297435998916626
704/16120, Metric:, 0.2976287603378296
705/16120, Metric:, 0.29776355624198914
706/16120, Metric:, 0.29701700806617737
707/16120, Metric:, 0.2970463037490845
708/16120, Metric:, 0.2975558638572693
709/16120, Metric:, 0.2975804805755615
710/16120, Metric:, 0.298159658908844
711/16120, Metric:, 0.2977319359779358
712/16120, Metric:, 0.29754555225372314
713/16120, Metric:, 0.29893866181373596
714/16120, Metric:, 0.2988932132720947
715/16120, Metric:, 0.2991206645965576
716/16120, Metric:, 0.2990710139274597
717/16120, Metric:, 0.29893743991851807
718/16120, Metric:, 0.29947763681411743
719/16120, Metric:, 0.29934537410736084
720/16120, Metric:, 0.29895880818367004
721/16120, Metric:, 0.2989874482154846
722/16120, Metric:, 0.29876255989074707
723/16120, Metric:, 0.2992713749408722
724/16120, Metric:, 0.29894089698791504
725/16120, Metric:, 0.2987431287765503
726/16120, Metric:, 0.2985416352748871
727/16120, Metric:, 0.29829663038253784
728/16120, Metric:, 0.2982039749622345
729/16120, Metric:, 0.2978707253932953
730/16120, Metric:, 0.2985648810863495
731/16120, Metric:, 0.2985377609729767
732/16120, Metric:, 0.297936350107193
733/16120, Metric:, 0.29781055450439453
734/16120, Metric:, 0.2976822555065155
735/16120, Metric:, 0.2972918748855591
736/16120, Metric:, 0.3008500635623932
737/16120, Metric:, 0.30091241002082825
738/16120, Metric:, 0.30086416006088257
739/16120, Metric:, 0.3007638156414032
740/16120, Metric:, 0.3004547655582428
741/16120, Metric:, 0.30123642086982727
742/16120, Metric:, 0.30119091272354126
743/16120, Metric:, 0.3009093701839447
744/16120, Metric:, 0.30110177397727966
745/16120, Metric:, 0.30083194375038147
746/16120, Metric:, 0.2996983826160431
747/16120, Metric:, 0.29959923028945923
748/16120, Metric:, 0.2996267080307007
749/16120, Metric:, 0.2985920011997223
750/16120, Metric:, 0.2983500361442566
751/16120, Metric:, 0.2983056604862213
752/16120, Metric:, 0.29821211099624634
753/16120, Metric:, 0.2982396185398102
754/16120, Metric:, 0.2977822721004486
755/16120, Metric:, 0.29784300923347473
756/16120, Metric:, 0.29780635237693787
757/16120, Metric:, 0.2980181574821472
758/16120, Metric:, 0.2982223331928253
759/16120, Metric:, 0.29818153381347656
760/16120, Metric:, 0.2995406687259674
761/16120, Metric:, 0.29932817816734314
762/16120, Metric:, 0.29909902811050415
763/16120, Metric:, 0.2997165322303772
764/16120, Metric:, 0.29947689175605774
765/16120, Metric:, 0.2995343804359436
766/16120, Metric:, 0.2995951771736145
767/16120, Metric:, 0.29955217242240906
768/16120, Metric:, 0.2995395362377167
769/16120, Metric:, 0.3003915846347809
770/16120, Metric:, 0.3001517653465271
771/16120, Metric:, 0.3004225194454193
772/16120, Metric:, 0.30027341842651367
773/16120, Metric:, 0.29989859461784363
774/16120, Metric:, 0.2993362545967102
775/16120, Metric:, 0.29906344413757324
776/16120, Metric:, 0.2984853684902191
777/16120, Metric:, 0.3026789128780365
778/16120, Metric:, 0.30241018533706665
779/16120, Metric:, 0.30241212248802185
780/16120, Metric:, 0.3025888204574585
781/16120, Metric:, 0.30201098322868347
782/16120, Metric:, 0.3016822934150696
783/16120, Metric:, 0.3013012707233429
784/16120, Metric:, 0.3014758229255676
785/16120, Metric:, 0.3024999797344208
786/16120, Metric:, 0.3020130395889282
787/16120, Metric:, 0.3016723096370697
788/16120, Metric:, 0.3016296923160553
789/16120, Metric:, 0.3016992509365082
790/16120, Metric:, 0.3017261326313019
791/16120, Metric:, 0.3014015257358551
792/16120, Metric:, 0.30105021595954895
793/16120, Metric:, 0.30076852440834045
794/16120, Metric:, 0.3005898594856262
795/16120, Metric:, 0.30030733346939087
796/16120, Metric:, 0.2999322712421417
797/16120, Metric:, 0.30026039481163025
798/16120, Metric:, 0.30010583996772766
799/16120, Metric:, 0.30012941360473633
800/16120, Metric:, 0.29896724224090576
801/16120, Metric:, 0.29886266589164734
802/16120, Metric:, 0.2986604571342468
803/16120, Metric:, 0.2984500527381897
804/16120, Metric:, 0.2984563112258911
805/16120, Metric:, 0.29908913373947144
806/16120, Metric:, 0.2988021969795227
807/16120, Metric:, 0.2986353933811188
808/16120, Metric:, 0.29898107051849365
809/16120, Metric:, 0.2989419996738434
810/16120, Metric:, 0.2985881567001343
811/16120, Metric:, 0.29854968190193176
812/16120, Metric:, 0.29866525530815125
813/16120, Metric:, 0.2977040112018585
814/16120, Metric:, 0.2977874279022217
815/16120, Metric:, 0.2976333200931549
816/16120, Metric:, 0.29749542474746704
817/16120, Metric:, 0.29767775535583496
818/16120, Metric:, 0.29728052020072937
819/16120, Metric:, 0.29730626940727234
820/16120, Metric:, 0.29733189940452576
821/16120, Metric:, 0.29695582389831543
822/16120, Metric:, 0.2969041168689728
823/16120, Metric:, 0.2968142032623291
824/16120, Metric:, 0.29611244797706604
825/16120, Metric:, 0.29730018973350525
826/16120, Metric:, 0.29732564091682434
827/16120, Metric:, 0.29794397950172424
828/16120, Metric:, 0.2981092631816864
829/16120, Metric:, 0.2977049648761749
830/16120, Metric:, 0.2970884144306183
831/16120, Metric:, 0.29684126377105713
832/16120, Metric:, 0.29642629623413086
833/16120, Metric:, 0.29612791538238525
834/16120, Metric:, 0.2961840331554413
835/16120, Metric:, 0.2962295114994049
836/16120, Metric:, 0.2971031963825226
837/16120, Metric:, 0.2971280515193939
838/16120, Metric:, 0.29704397916793823
839/16120, Metric:, 0.296987920999527
840/16120, Metric:, 0.2967970669269562
841/16120, Metric:, 0.29701724648475647
842/16120, Metric:, 0.29704204201698303
843/16120, Metric:, 0.2969539165496826
844/16120, Metric:, 0.2968086302280426
845/16120, Metric:, 0.29678335785865784
846/16120, Metric:, 0.29675814509391785
847/16120, Metric:, 0.2968999147415161
848/16120, Metric:, 0.29670125246047974
849/16120, Metric:, 0.29701897501945496
850/16120, Metric:, 0.2970986068248749
851/16120, Metric:, 0.2968143820762634
852/16120, Metric:, 0.29727938771247864
853/16120, Metric:, 0.2972598075866699
854/16120, Metric:, 0.2969730496406555
855/16120, Metric:, 0.29713180661201477
856/16120, Metric:, 0.29684704542160034
857/16120, Metric:, 0.29674607515335083
858/16120, Metric:, 0.29670828580856323
859/16120, Metric:, 0.2998320162296295
860/16120, Metric:, 0.2994816303253174
861/16120, Metric:, 0.2993449568748474
862/16120, Metric:, 0.2995108664035797
863/16120, Metric:, 0.2995639741420746
864/16120, Metric:, 0.29950666427612305
865/16120, Metric:, 0.29981285333633423
866/16120, Metric:, 0.3000294864177704
867/16120, Metric:, 0.3002946674823761
868/16120, Metric:, 0.3002634346485138
869/16120, Metric:, 0.2999936044216156
870/16120, Metric:, 0.2999565005302429
871/16120, Metric:, 0.2998124957084656
872/16120, Metric:, 0.2995772659778595
873/16120, Metric:, 0.29953905940055847
874/16120, Metric:, 0.2995625436306
875/16120, Metric:, 0.29958823323249817
876/16120, Metric:, 0.2994885742664337
877/16120, Metric:, 0.2995043694972992
878/16120, Metric:, 0.2992176413536072
879/16120, Metric:, 0.2992101311683655
880/16120, Metric:, 0.2992332875728607
881/16120, Metric:, 0.2990705370903015
882/16120, Metric:, 0.2993011772632599
883/16120, Metric:, 0.2990700602531433
884/16120, Metric:, 0.29930418729782104
885/16120, Metric:, 0.29903140664100647
886/16120, Metric:, 0.2990860044956207
887/16120, Metric:, 0.2990722060203552
888/16120, Metric:, 0.29903537034988403
889/16120, Metric:, 0.298950731754303
890/16120, Metric:, 0.3000323176383972
891/16120, Metric:, 0.30032628774642944
892/16120, Metric:, 0.3004802465438843
893/16120, Metric:, 0.2997449040412903
894/16120, Metric:, 0.2991381585597992
895/16120, Metric:, 0.299101859331131
896/16120, Metric:, 0.2990640699863434
897/16120, Metric:, 0.2990867495536804
898/16120, Metric:, 0.2987816631793976
899/16120, Metric:, 0.2986915111541748
900/16120, Metric:, 0.2982727289199829
901/16120, Metric:, 0.2982952296733856
902/16120, Metric:, 0.2980758249759674
903/16120, Metric:, 0.2984835207462311
904/16120, Metric:, 0.2980947494506836
905/16120, Metric:, 0.2984825372695923
906/16120, Metric:, 0.29837751388549805
907/16120, Metric:, 0.29843059182167053
908/16120, Metric:, 0.29838383197784424
909/16120, Metric:, 0.29954326152801514
910/16120, Metric:, 0.2996882498264313
911/16120, Metric:, 0.2993093430995941
912/16120, Metric:, 0.29927244782447815
913/16120, Metric:, 0.29955819249153137
914/16120, Metric:, 0.2993585765361786
915/16120, Metric:, 0.2991585433483124
916/16120, Metric:, 0.29885607957839966
917/16120, Metric:, 0.29900580644607544
918/16120, Metric:, 0.2991023659706116
919/16120, Metric:, 0.2988134026527405
920/16120, Metric:, 0.2982839345932007
921/16120, Metric:, 0.2985590994358063
922/16120, Metric:, 0.2982540726661682
923/16120, Metric:, 0.2978559136390686
924/16120, Metric:, 0.2980615794658661
925/16120, Metric:, 0.2980559468269348
926/16120, Metric:, 0.29772716760635376
927/16120, Metric:, 0.2979276180267334
928/16120, Metric:, 0.2978675365447998
929/16120, Metric:, 0.2980138063430786
930/16120, Metric:, 0.2977009415626526
931/16120, Metric:, 0.2974722385406494
932/16120, Metric:, 0.2972226142883301
933/16120, Metric:, 0.2971211075782776
934/16120, Metric:, 0.2979470491409302
935/16120, Metric:, 0.2978629469871521
936/16120, Metric:, 0.2978852391242981
937/16120, Metric:, 0.2974497079849243
938/16120, Metric:, 0.29755115509033203
939/16120, Metric:, 0.2975155711174011
940/16120, Metric:, 0.29753774404525757
941/16120, Metric:, 0.29755300283432007
942/16120, Metric:, 0.29735416173934937
943/16120, Metric:, 0.29726630449295044
944/16120, Metric:, 0.29948359727859497
945/16120, Metric:, 0.29918116331100464
946/16120, Metric:, 0.299157977104187
947/16120, Metric:, 0.2989724278450012
948/16120, Metric:, 0.29861682653427124
949/16120, Metric:, 0.2981743812561035
950/16120, Metric:, 0.2984132170677185
951/16120, Metric:, 0.2982819378376007
952/16120, Metric:, 0.2979739010334015
953/16120, Metric:, 0.29787465929985046
954/16120, Metric:, 0.29786786437034607
955/16120, Metric:, 0.2978525161743164
956/16120, Metric:, 0.29992932081222534
957/16120, Metric:, 0.3020380139350891
958/16120, Metric:, 0.3021391034126282
959/16120, Metric:, 0.30197322368621826
960/16120, Metric:, 0.3015459477901459
961/16120, Metric:, 0.30175480246543884
962/16120, Metric:, 0.3016200363636017
963/16120, Metric:, 0.3017183244228363
964/16120, Metric:, 0.3012690842151642
965/16120, Metric:, 0.301383912563324
966/16120, Metric:, 0.3018970191478729
967/16120, Metric:, 0.3021259009838104
968/16120, Metric:, 0.30160847306251526
969/16120, Metric:, 0.3012082874774933
970/16120, Metric:, 0.3013083040714264
971/16120, Metric:, 0.30128613114356995
972/16120, Metric:, 0.3013461232185364
973/16120, Metric:, 0.30110305547714233
974/16120, Metric:, 0.30071187019348145
975/16120, Metric:, 0.3001920282840729
976/16120, Metric:, 0.29983606934547424
977/16120, Metric:, 0.29964199662208557
978/16120, Metric:, 0.2998908460140228
979/16120, Metric:, 0.29985806345939636
980/16120, Metric:, 0.29956531524658203
981/16120, Metric:, 0.29983124136924744
982/16120, Metric:, 0.29994556307792664
983/16120, Metric:, 0.2996932864189148
984/16120, Metric:, 0.2997143268585205
985/16120, Metric:, 0.2998560965061188
986/16120, Metric:, 0.29986751079559326
987/16120, Metric:, 0.29975461959838867
988/16120, Metric:, 0.29987549781799316
989/16120, Metric:, 0.3001280426979065
990/16120, Metric:, 0.30017590522766113
991/16120, Metric:, 0.30010461807250977
992/16120, Metric:, 0.3000735640525818
993/16120, Metric:, 0.29993072152137756
994/16120, Metric:, 0.30017998814582825
995/16120, Metric:, 0.3002006411552429
996/16120, Metric:, 0.30001676082611084
997/16120, Metric:, 0.3000360429286957
998/16120, Metric:, 0.30054667592048645
999/16120, Metric:, 0.3001174032688141
1000/16120, Metric:, 0.300137996673584
1001/16120, Metric:, 0.3004373013973236
1002/16120, Metric:, 0.30021533370018005
1003/16120, Metric:, 0.30035364627838135
1004/16120, Metric:, 0.29999712109565735
1005/16120, Metric:, 0.29989001154899597
1006/16120, Metric:, 0.3010920286178589
1007/16120, Metric:, 0.30106040835380554
1008/16120, Metric:, 0.30109062790870667
1009/16120, Metric:, 0.301205575466156
1010/16120, Metric:, 0.30118322372436523
1011/16120, Metric:, 0.3010196089744568
1012/16120, Metric:, 0.30098646879196167
1013/16120, Metric:, 0.3014601767063141
1014/16120, Metric:, 0.3021974265575409
1015/16120, Metric:, 0.30217432975769043
1016/16120, Metric:, 0.302359938621521
1017/16120, Metric:, 0.3020118474960327
1018/16120, Metric:, 0.30185726284980774
1019/16120, Metric:, 0.30183497071266174
1020/16120, Metric:, 0.3015972673892975
1021/16120, Metric:, 0.30128881335258484
1022/16120, Metric:, 0.3014260530471802
1023/16120, Metric:, 0.30142128467559814
1024/16120, Metric:, 0.30343422293663025
1025/16120, Metric:, 0.30323678255081177
1026/16120, Metric:, 0.30316752195358276
1027/16120, Metric:, 0.3030936121940613
1028/16120, Metric:, 0.3031136393547058
1029/16120, Metric:, 0.303424596786499
1030/16120, Metric:, 0.3033052086830139
1031/16120, Metric:, 0.30344074964523315
1032/16120, Metric:, 0.3031390309333801
1033/16120, Metric:, 0.30306315422058105
1034/16120, Metric:, 0.30299124121665955
1035/16120, Metric:, 0.3030112385749817
1036/16120, Metric:, 0.30351102352142334
1037/16120, Metric:, 0.30319491028785706
1038/16120, Metric:, 0.3030765950679779
1039/16120, Metric:, 0.30332159996032715
1040/16120, Metric:, 0.30307537317276
1041/16120, Metric:, 0.30296212434768677
1042/16120, Metric:, 0.30315709114074707
1043/16120, Metric:, 0.3031131327152252
1044/16120, Metric:, 0.30298176407814026
1045/16120, Metric:, 0.3029509484767914
1046/16120, Metric:, 0.3027419447898865
1047/16120, Metric:, 0.3025672137737274
1048/16120, Metric:, 0.30260181427001953
1049/16120, Metric:, 0.30264732241630554
1050/16120, Metric:, 0.3025060296058655
1051/16120, Metric:, 0.3024653196334839
1052/16120, Metric:, 0.30239495635032654
1053/16120, Metric:, 0.30253005027770996
1054/16120, Metric:, 0.302594929933548
1055/16120, Metric:, 0.302726149559021
1056/16120, Metric:, 0.3028857111930847
1057/16120, Metric:, 0.3031012713909149
1058/16120, Metric:, 0.3031206727027893
1059/16120, Metric:, 0.30293187499046326
1060/16120, Metric:, 0.3030908405780792
1061/16120, Metric:, 0.30237287282943726
1062/16120, Metric:, 0.3023434579372406
1063/16120, Metric:, 0.3023890554904938
1064/16120, Metric:, 0.30240827798843384
1065/16120, Metric:, 0.30228325724601746
1066/16120, Metric:, 0.30215489864349365
1067/16120, Metric:, 0.3019583821296692
1068/16120, Metric:, 0.30209067463874817
1069/16120, Metric:, 0.30182310938835144
1070/16120, Metric:, 0.3018020689487457
1071/16120, Metric:, 0.3017839789390564
1072/16120, Metric:, 0.3012891411781311
1073/16120, Metric:, 0.30143672227859497
1074/16120, Metric:, 0.302287757396698
1075/16120, Metric:, 0.30219411849975586
1076/16120, Metric:, 0.3021179437637329
1077/16120, Metric:, 0.30190134048461914
1078/16120, Metric:, 0.30187171697616577
1079/16120, Metric:, 0.30156683921813965
1080/16120, Metric:, 0.3015846312046051
1081/16120, Metric:, 0.30148160457611084
1082/16120, Metric:, 0.30142661929130554
1083/16120, Metric:, 0.30159249901771545
1084/16120, Metric:, 0.3012908101081848
1085/16120, Metric:, 0.3013835847377777
1086/16120, Metric:, 0.30198830366134644
1087/16120, Metric:, 0.3019711673259735
1088/16120, Metric:, 0.30156460404396057
1089/16120, Metric:, 0.3018632233142853
1090/16120, Metric:, 0.30171334743499756
1091/16120, Metric:, 0.3011077344417572
1092/16120, Metric:, 0.3010060787200928
1093/16120, Metric:, 0.30061399936676025
1094/16120, Metric:, 0.3005836308002472
1095/16120, Metric:, 0.30051547288894653
1096/16120, Metric:, 0.3004952669143677
1097/16120, Metric:, 0.3004274368286133
1098/16120, Metric:, 0.30066245794296265
1099/16120, Metric:, 0.300656795501709
1100/16120, Metric:, 0.3004912734031677
1101/16120, Metric:, 0.3005099892616272
1102/16120, Metric:, 0.30035680532455444
1103/16120, Metric:, 0.30026623606681824
1104/16120, Metric:, 0.3002365827560425
1105/16120, Metric:, 0.3011392056941986
1106/16120, Metric:, 0.30097678303718567
1107/16120, Metric:, 0.3016865849494934
1108/16120, Metric:, 0.30166658759117126
1109/16120, Metric:, 0.3014236092567444
1110/16120, Metric:, 0.3015536963939667
1111/16120, Metric:, 0.30138689279556274
1112/16120, Metric:, 0.30143415927886963
1113/16120, Metric:, 0.30156177282333374
1114/16120, Metric:, 0.30136531591415405
1115/16120, Metric:, 0.30119356513023376
1116/16120, Metric:, 0.3011772334575653
1117/16120, Metric:, 0.30113667249679565
1118/16120, Metric:, 0.30136945843696594
1119/16120, Metric:, 0.30109554529190063
1120/16120, Metric:, 0.3019068241119385
1121/16120, Metric:, 0.30173298716545105
1122/16120, Metric:, 0.30170273780822754
1123/16120, Metric:, 0.3018174171447754
1124/16120, Metric:, 0.3016774654388428
1125/16120, Metric:, 0.3017585873603821
1126/16120, Metric:, 0.30180126428604126
1127/16120, Metric:, 0.3018859326839447
1128/16120, Metric:, 0.30143827199935913
1129/16120, Metric:, 0.301565021276474
1130/16120, Metric:, 0.3014359474182129
1131/16120, Metric:, 0.30137962102890015
1132/16120, Metric:, 0.3015044331550598
1133/16120, Metric:, 0.30139532685279846
1134/16120, Metric:, 0.3011474609375
1135/16120, Metric:, 0.3012711703777313
1136/16120, Metric:, 0.3011153042316437
1137/16120, Metric:, 0.30082350969314575
1138/16120, Metric:, 0.300841748714447
1139/16120, Metric:, 0.3006266951560974
1140/16120, Metric:, 0.30017679929733276
1141/16120, Metric:, 0.30010461807250977
1142/16120, Metric:, 0.30014607310295105
1143/16120, Metric:, 0.29990920424461365
1144/16120, Metric:, 0.2996594309806824
1145/16120, Metric:, 0.29935765266418457
1146/16120, Metric:, 0.2994774878025055
1147/16120, Metric:, 0.29970431327819824
1148/16120, Metric:, 0.2995801866054535
1149/16120, Metric:, 0.30034807324409485
1150/16120, Metric:, 0.30023062229156494
1151/16120, Metric:, 0.3002869486808777
1152/16120, Metric:, 0.30030494928359985
1153/16120, Metric:, 0.3001364469528198
1154/16120, Metric:, 0.30017754435539246
1155/16120, Metric:, 0.3001161217689514
1156/16120, Metric:, 0.30012816190719604
1157/16120, Metric:, 0.2999604344367981
1158/16120, Metric:, 0.3001048266887665
1159/16120, Metric:, 0.3002519905567169
1160/16120, Metric:, 0.3003180921077728
1161/16120, Metric:, 0.3002081513404846
1162/16120, Metric:, 0.30014312267303467
1163/16120, Metric:, 0.3000783324241638
1164/16120, Metric:, 0.30005037784576416
1165/16120, Metric:, 0.3017187714576721
1166/16120, Metric:, 0.3017210364341736
1167/16120, Metric:, 0.3013080358505249
1168/16120, Metric:, 0.30108991265296936
1169/16120, Metric:, 0.3009689748287201
1170/16120, Metric:, 0.30091455578804016
1171/16120, Metric:, 0.30083924531936646
1172/16120, Metric:, 0.3034497797489166
1173/16120, Metric:, 0.3034851551055908
1174/16120, Metric:, 0.3036346137523651
1175/16120, Metric:, 0.3036067485809326
1176/16120, Metric:, 0.30357810854911804
1177/16120, Metric:, 0.3035143315792084
1178/16120, Metric:, 0.3034411072731018
1179/16120, Metric:, 0.3037078380584717
1180/16120, Metric:, 0.3036031723022461
1181/16120, Metric:, 0.3036448657512665
1182/16120, Metric:, 0.3036078214645386
1183/16120, Metric:, 0.30358079075813293
1184/16120, Metric:, 0.30333831906318665
1185/16120, Metric:, 0.30326542258262634
1186/16120, Metric:, 0.3031046986579895
1187/16120, Metric:, 0.3029663562774658
1188/16120, Metric:, 0.303018182516098
1189/16120, Metric:, 0.30291134119033813
1190/16120, Metric:, 0.3026670217514038
1191/16120, Metric:, 0.30268430709838867
1192/16120, Metric:, 0.30246320366859436
1193/16120, Metric:, 0.30254530906677246
1194/16120, Metric:, 0.302444726228714
1195/16120, Metric:, 0.3023323118686676
1196/16120, Metric:, 0.3024492859840393
1197/16120, Metric:, 0.30246636271476746
1198/16120, Metric:, 0.3024834096431732
1199/16120, Metric:, 0.3024477958679199
1200/16120, Metric:, 0.3028072416782379
1201/16120, Metric:, 0.30301281809806824
1202/16120, Metric:, 0.30296796560287476
1203/16120, Metric:, 0.3029848337173462
1204/16120, Metric:, 0.30288103222846985
1205/16120, Metric:, 0.30465516448020935
1206/16120, Metric:, 0.3046121597290039
1207/16120, Metric:, 0.3045925796031952
1208/16120, Metric:, 0.3045194745063782
1209/16120, Metric:, 0.3044479191303253
1210/16120, Metric:, 0.304278165102005
1211/16120, Metric:, 0.3041960895061493
1212/16120, Metric:, 0.3041979670524597
1213/16120, Metric:, 0.3040478825569153
1214/16120, Metric:, 0.30406469106674194
1215/16120, Metric:, 0.3040063977241516
1216/16120, Metric:, 0.30383193492889404
1217/16120, Metric:, 0.30375319719314575
1218/16120, Metric:, 0.30382198095321655
1219/16120, Metric:, 0.30360180139541626
1220/16120, Metric:, 0.30334264039993286
1221/16120, Metric:, 0.3031775653362274
1222/16120, Metric:, 0.3030007779598236
1223/16120, Metric:, 0.3031257688999176
1224/16120, Metric:, 0.3031075894832611
1225/16120, Metric:, 0.3030407726764679
1226/16120, Metric:, 0.30293193459510803
1227/16120, Metric:, 0.30265000462532043
1228/16120, Metric:, 0.30302178859710693
1229/16120, Metric:, 0.3027690649032593
1230/16120, Metric:, 0.3027705252170563
1231/16120, Metric:, 0.3026677668094635
1232/16120, Metric:, 0.30251026153564453
1233/16120, Metric:, 0.30243808031082153
1234/16120, Metric:, 0.3022610545158386
1235/16120, Metric:, 0.30185404419898987
1236/16120, Metric:, 0.30189651250839233
1237/16120, Metric:, 0.30191323161125183
1238/16120, Metric:, 0.30217254161834717
1239/16120, Metric:, 0.30232930183410645
1240/16120, Metric:, 0.30178821086883545
1241/16120, Metric:, 0.3018048405647278
1242/16120, Metric:, 0.30174702405929565
1243/16120, Metric:, 0.3024192750453949
1244/16120, Metric:, 0.30249854922294617
1245/16120, Metric:, 0.3026859760284424
1246/16120, Metric:, 0.30289703607559204
1247/16120, Metric:, 0.30287039279937744
1248/16120, Metric:, 0.3027048707008362
1249/16120, Metric:, 0.30255189538002014
1250/16120, Metric:, 0.30236583948135376
1251/16120, Metric:, 0.3027377128601074
1252/16120, Metric:, 0.30265000462532043
1253/16120, Metric:, 0.30254676938056946
1254/16120, Metric:, 0.3025290369987488
1255/16120, Metric:, 0.3048732578754425
1256/16120, Metric:, 0.3046816289424896
1257/16120, Metric:, 0.30465587973594666
1258/16120, Metric:, 0.30499356985092163
1259/16120, Metric:, 0.30503082275390625
1260/16120, Metric:, 0.3049658238887787
1261/16120, Metric:, 0.3048866093158722
1262/16120, Metric:, 0.3045557737350464
1263/16120, Metric:, 0.30453014373779297
1264/16120, Metric:, 0.3043982684612274
1265/16120, Metric:, 0.30446332693099976
1266/16120, Metric:, 0.3042455315589905
1267/16120, Metric:, 0.3043960928916931
1268/16120, Metric:, 0.30422887206077576
1269/16120, Metric:, 0.3041991591453552
1270/16120, Metric:, 0.30423781275749207
1271/16120, Metric:, 0.3041742146015167
1272/16120, Metric:, 0.3041453957557678
1273/16120, Metric:, 0.3034266233444214
1274/16120, Metric:, 0.3033669590950012
1275/16120, Metric:, 0.3030121922492981
1276/16120, Metric:, 0.30303460359573364
1277/16120, Metric:, 0.30297762155532837
1278/16120, Metric:, 0.3031264543533325
1279/16120, Metric:, 0.3032590448856354
1280/16120, Metric:, 0.3032150864601135
1281/16120, Metric:, 0.30332672595977783
1282/16120, Metric:, 0.30338382720947266
1283/16120, Metric:, 0.30318811535835266
1284/16120, Metric:, 0.30334407091140747
1285/16120, Metric:, 0.3025965988636017
1286/16120, Metric:, 0.3025793135166168
1287/16120, Metric:, 0.3025595545768738
1288/16120, Metric:, 0.30218061804771423
1289/16120, Metric:, 0.3020073473453522
1290/16120, Metric:, 0.30183252692222595
1291/16120, Metric:, 0.30258503556251526
1292/16120, Metric:, 0.30250877141952515
1293/16120, Metric:, 0.3024832010269165
1294/16120, Metric:, 0.3025597929954529
1295/16120, Metric:, 0.3025757670402527
1296/16120, Metric:, 0.3025917410850525
1297/16120, Metric:, 0.30270063877105713
1298/16120, Metric:, 0.3027381896972656
1299/16120, Metric:, 0.3026166260242462
1300/16120, Metric:, 0.3023611009120941
1301/16120, Metric:, 0.30221977829933167
1302/16120, Metric:, 0.30220267176628113
1303/16120, Metric:, 0.3021683990955353
1304/16120, Metric:, 0.3022056221961975
1305/16120, Metric:, 0.3021031320095062
1306/16120, Metric:, 0.30213722586631775
1307/16120, Metric:, 0.3035356104373932
1308/16120, Metric:, 0.3034239113330841
1309/16120, Metric:, 0.3034396469593048
1310/16120, Metric:, 0.3034283220767975
1311/16120, Metric:, 0.3034021258354187
1312/16120, Metric:, 0.30331966280937195
1313/16120, Metric:, 0.3035462498664856
1314/16120, Metric:, 0.30352047085762024
1315/16120, Metric:, 0.30347269773483276
1316/16120, Metric:, 0.3034469783306122
1317/16120, Metric:, 0.3034212589263916
1318/16120, Metric:, 0.3033960163593292
1319/16120, Metric:, 0.30335402488708496
1320/16120, Metric:, 0.30348098278045654
1321/16120, Metric:, 0.3035857677459717
1322/16120, Metric:, 0.30321627855300903
1323/16120, Metric:, 0.3030215799808502
1324/16120, Metric:, 0.3030371367931366
1325/16120, Metric:, 0.3027687072753906
1326/16120, Metric:, 0.30273377895355225
1327/16120, Metric:, 0.30297228693962097
1328/16120, Metric:, 0.30298635363578796
1329/16120, Metric:, 0.3029603362083435
1330/16120, Metric:, 0.30262503027915955
1331/16120, Metric:, 0.30253085494041443
1332/16120, Metric:, 0.302468866109848
1333/16120, Metric:, 0.30234119296073914
1334/16120, Metric:, 0.3022344410419464
1335/16120, Metric:, 0.3023990988731384
1336/16120, Metric:, 0.30246174335479736
1337/16120, Metric:, 0.3024772107601166
1338/16120, Metric:, 0.30228719115257263
1339/16120, Metric:, 0.302301824092865
1340/16120, Metric:, 0.3021843731403351
1341/16120, Metric:, 0.30209091305732727
1342/16120, Metric:, 0.3016340732574463
1343/16120, Metric:, 0.30156388878822327
1344/16120, Metric:, 0.30151110887527466
1345/16120, Metric:, 0.30138909816741943
1346/16120, Metric:, 0.30149388313293457
1347/16120, Metric:, 0.30204707384109497
1348/16120, Metric:, 0.3018602728843689
1349/16120, Metric:, 0.3018750548362732
1350/16120, Metric:, 0.3018612861633301
1351/16120, Metric:, 0.3018960952758789
1352/16120, Metric:, 0.30207574367523193
1353/16120, Metric:, 0.3020109534263611
1354/16120, Metric:, 0.3020663857460022
1355/16120, Metric:, 0.3019932508468628
1356/16120, Metric:, 0.3020528554916382
1357/16120, Metric:, 0.3023046553134918
1358/16120, Metric:, 0.3022402226924896
1359/16120, Metric:, 0.3022556006908417
1360/16120, Metric:, 0.3020934462547302
1361/16120, Metric:, 0.3020688593387604
1362/16120, Metric:, 0.30185168981552124
1363/16120, Metric:, 0.3018200397491455
1364/16120, Metric:, 0.30164289474487305
1365/16120, Metric:, 0.30160337686538696
1366/16120, Metric:, 0.30139607191085815
1367/16120, Metric:, 0.30141133069992065
1368/16120, Metric:, 0.3012717068195343
1369/16120, Metric:, 0.30150163173675537
1370/16120, Metric:, 0.3012107014656067
1371/16120, Metric:, 0.3012254536151886
1372/16120, Metric:, 0.3013639450073242
1373/16120, Metric:, 0.3012104630470276
1374/16120, Metric:, 0.30128204822540283
1375/16120, Metric:, 0.3012954592704773
1376/16120, Metric:, 0.3020479083061218
1377/16120, Metric:, 0.3014770448207855
1378/16120, Metric:, 0.30159062147140503
1379/16120, Metric:, 0.30141547322273254
1380/16120, Metric:, 0.3013531565666199
1381/16120, Metric:, 0.3013528287410736
1382/16120, Metric:, 0.30136802792549133
1383/16120, Metric:, 0.3012167811393738
1384/16120, Metric:, 0.30125242471694946
1385/16120, Metric:, 0.30069786310195923
1386/16120, Metric:, 0.30065837502479553
1387/16120, Metric:, 0.3008284270763397
1388/16120, Metric:, 0.3010195195674896
1389/16120, Metric:, 0.3012363016605377
1390/16120, Metric:, 0.3011366128921509
1391/16120, Metric:, 0.3011125326156616
1392/16120, Metric:, 0.30085235834121704
1393/16120, Metric:, 0.3002033233642578
1394/16120, Metric:, 0.300218403339386
1395/16120, Metric:, 0.2999584376811981
1396/16120, Metric:, 0.2999424636363983
1397/16120, Metric:, 0.2997815012931824
1398/16120, Metric:, 0.2997584044933319
1399/16120, Metric:, 0.2998085618019104
1400/16120, Metric:, 0.2996715009212494
1401/16120, Metric:, 0.2997070848941803
1402/16120, Metric:, 0.2996762692928314
1403/16120, Metric:, 0.2995366156101227
1404/16120, Metric:, 0.2995515465736389
1405/16120, Metric:, 0.2995852530002594
1406/16120, Metric:, 0.2995622754096985
1407/16120, Metric:, 0.29957714676856995
1408/16120, Metric:, 0.2996234893798828
1409/16120, Metric:, 0.2996259033679962
1410/16120, Metric:, 0.2993481457233429
1411/16120, Metric:, 0.2993979752063751
1412/16120, Metric:, 0.2991465628147125
1413/16120, Metric:, 0.29902592301368713
1414/16120, Metric:, 0.2989080846309662
1415/16120, Metric:, 0.29881593585014343
1416/16120, Metric:, 0.2989158034324646
1417/16120, Metric:, 0.2988266944885254
1418/16120, Metric:, 0.29862180352211
1419/16120, Metric:, 0.2986566424369812
1420/16120, Metric:, 0.2984716594219208
1421/16120, Metric:, 0.298447847366333
1422/16120, Metric:, 0.2986670434474945
1423/16120, Metric:, 0.29863566160202026
1424/16120, Metric:, 0.298611044883728
1425/16120, Metric:, 0.29915687441825867
1426/16120, Metric:, 0.2991717755794525
1427/16120, Metric:, 0.2991522252559662
1428/16120, Metric:, 0.2991366684436798
1429/16120, Metric:, 0.29913216829299927
1430/16120, Metric:, 0.2991655766963959
1431/16120, Metric:, 0.2991500496864319
1432/16120, Metric:, 0.29879745841026306
1433/16120, Metric:, 0.29885002970695496
1434/16120, Metric:, 0.29882755875587463
1435/16120, Metric:, 0.2988421320915222
1436/16120, Metric:, 0.29877397418022156
1437/16120, Metric:, 0.2993201017379761
1438/16120, Metric:, 0.29926565289497375
1439/16120, Metric:, 0.2993142306804657
1440/16120, Metric:, 0.29925981163978577
1441/16120, Metric:, 0.2994714081287384
1442/16120, Metric:, 0.29933950304985046
1443/16120, Metric:, 0.299468070268631
1444/16120, Metric:, 0.2995162010192871
1445/16120, Metric:, 0.2992536127567291
1446/16120, Metric:, 0.29887115955352783
1447/16120, Metric:, 0.2986568212509155
1448/16120, Metric:, 0.29867127537727356
1449/16120, Metric:, 0.2990178167819977
1450/16120, Metric:, 0.29901304841041565
1451/16120, Metric:, 0.2989892363548279
1452/16120, Metric:, 0.29908666014671326
1453/16120, Metric:, 0.29899272322654724
1454/16120, Metric:, 0.29905983805656433
1455/16120, Metric:, 0.298505574464798
1456/16120, Metric:, 0.2984001040458679
1457/16120, Metric:, 0.2982557713985443
1458/16120, Metric:, 0.2988850176334381
1459/16120, Metric:, 0.299014687538147
1460/16120, Metric:, 0.29899105429649353
1461/16120, Metric:, 0.29891732335090637
1462/16120, Metric:, 0.2992454767227173
1463/16120, Metric:, 0.2988739609718323
1464/16120, Metric:, 0.2986089587211609
1465/16120, Metric:, 0.29848551750183105
1466/16120, Metric:, 0.2983264923095703
1467/16120, Metric:, 0.298340767621994
1468/16120, Metric:, 0.2983551621437073
1469/16120, Metric:, 0.2984369099140167
1470/16120, Metric:, 0.2984069287776947
1471/16120, Metric:, 0.29957491159439087
1472/16120, Metric:, 0.29976728558540344
1473/16120, Metric:, 0.29995283484458923
1474/16120, Metric:, 0.2997145652770996
1475/16120, Metric:, 0.29957133531570435
1476/16120, Metric:, 0.29951998591423035
1477/16120, Metric:, 0.29932284355163574
1478/16120, Metric:, 0.2996293604373932
1479/16120, Metric:, 0.2996211647987366
1480/16120, Metric:, 0.29958420991897583
1481/16120, Metric:, 0.2995389699935913
1482/16120, Metric:, 0.2994583249092102
1483/16120, Metric:, 0.29958856105804443
1484/16120, Metric:, 0.2995280623435974
1485/16120, Metric:, 0.2995047867298126
1486/16120, Metric:, 0.2993650734424591
1487/16120, Metric:, 0.2992733418941498
1488/16120, Metric:, 0.29933810234069824
1489/16120, Metric:, 0.2990211844444275
1490/16120, Metric:, 0.2988617420196533
1491/16120, Metric:, 0.2989259660243988
1492/16120, Metric:, 0.2989351749420166
1493/16120, Metric:, 0.2989489436149597
1494/16120, Metric:, 0.29870834946632385
1495/16120, Metric:, 0.2985754609107971
1496/16120, Metric:, 0.2984730303287506
1497/16120, Metric:, 0.2982940077781677
1498/16120, Metric:, 0.29828938841819763
1499/16120, Metric:, 0.2980993986129761
1500/16120, Metric:, 0.2979709208011627
1501/16120, Metric:, 0.29791682958602905
1502/16120, Metric:, 0.29783663153648376
1503/16120, Metric:, 0.2978685200214386
1504/16120, Metric:, 0.29795128107070923
1505/16120, Metric:, 0.29767560958862305
1506/16120, Metric:, 0.2980194687843323
1507/16120, Metric:, 0.2978443205356598
1508/16120, Metric:, 0.2978750765323639
1509/16120, Metric:, 0.29781201481819153
1510/16120, Metric:, 0.2977607846260071
1511/16120, Metric:, 0.29769471287727356
1512/16120, Metric:, 0.29759445786476135
1513/16120, Metric:, 0.29707303643226624
1514/16120, Metric:, 0.2972553074359894
1515/16120, Metric:, 0.29699522256851196
1516/16120, Metric:, 0.29671037197113037
1517/16120, Metric:, 0.2965449094772339
1518/16120, Metric:, 0.2963283360004425
1519/16120, Metric:, 0.29654043912887573
1520/16120, Metric:, 0.29638704657554626
1521/16120, Metric:, 0.29627740383148193
1522/16120, Metric:, 0.2962910532951355
1523/16120, Metric:, 0.29613903164863586
1524/16120, Metric:, 0.2959962785243988
1525/16120, Metric:, 0.2966252863407135
1526/16120, Metric:, 0.2965429425239563
1527/16120, Metric:, 0.2965209484100342
1528/16120, Metric:, 0.29660099744796753
1529/16120, Metric:, 0.2964189946651459
1530/16120, Metric:, 0.29671511054039
1531/16120, Metric:, 0.29663270711898804
1532/16120, Metric:, 0.29653212428092957
1533/16120, Metric:, 0.2965138256549835
1534/16120, Metric:, 0.29639339447021484
1535/16120, Metric:, 0.29634344577789307
1536/16120, Metric:, 0.29622647166252136
1537/16120, Metric:, 0.2960316240787506
1538/16120, Metric:, 0.2961731553077698
1539/16120, Metric:, 0.2965286076068878
1540/16120, Metric:, 0.29644545912742615
1541/16120, Metric:, 0.2966201901435852
1542/16120, Metric:, 0.2965984344482422
1543/16120, Metric:, 0.2965553402900696
1544/16120, Metric:, 0.29727932810783386
1545/16120, Metric:, 0.29726043343544006
1546/16120, Metric:, 0.29726850986480713
1547/16120, Metric:, 0.2973134219646454
1548/16120, Metric:, 0.2972641885280609
1549/16120, Metric:, 0.29710063338279724
1550/16120, Metric:, 0.2970862090587616
1551/16120, Metric:, 0.29707181453704834
1552/16120, Metric:, 0.29682523012161255
1553/16120, Metric:, 0.29674485325813293
1554/16120, Metric:, 0.29667994379997253
1555/16120, Metric:, 0.2965754568576813
1556/16120, Metric:, 0.29648369550704956
1557/16120, Metric:, 0.29649341106414795
1558/16120, Metric:, 0.2959769666194916
1559/16120, Metric:, 0.2959277331829071
1560/16120, Metric:, 0.29600465297698975
1561/16120, Metric:, 0.2960178554058075
1562/16120, Metric:, 0.29590365290641785
1563/16120, Metric:, 0.29575487971305847
1564/16120, Metric:, 0.29587697982788086
1565/16120, Metric:, 0.2958095073699951
1566/16120, Metric:, 0.295917809009552
1567/16120, Metric:, 0.2958904504776001
1568/16120, Metric:, 0.29573705792427063
1569/16120, Metric:, 0.2956886887550354
1570/16120, Metric:, 0.29627203941345215
1571/16120, Metric:, 0.29620903730392456
1572/16120, Metric:, 0.2961217164993286
1573/16120, Metric:, 0.29592978954315186
1574/16120, Metric:, 0.29588085412979126
1575/16120, Metric:, 0.29600632190704346
1576/16120, Metric:, 0.2957894504070282
1577/16120, Metric:, 0.2957228422164917
1578/16120, Metric:, 0.2957085371017456
1579/16120, Metric:, 0.29565635323524475
1580/16120, Metric:, 0.2954568862915039
1581/16120, Metric:, 0.29538190364837646
1582/16120, Metric:, 0.2952726483345032
1583/16120, Metric:, 0.29507607221603394
1584/16120, Metric:, 0.2949703335762024
1585/16120, Metric:, 0.29526716470718384
1586/16120, Metric:, 0.2952464818954468
1587/16120, Metric:, 0.2958495020866394
1588/16120, Metric:, 0.29604393243789673
1589/16120, Metric:, 0.2959509491920471
1590/16120, Metric:, 0.29601332545280457
1591/16120, Metric:, 0.2958972454071045
1592/16120, Metric:, 0.295768141746521
1593/16120, Metric:, 0.295857310295105
1594/16120, Metric:, 0.29583680629730225
1595/16120, Metric:, 0.2959383726119995
1596/16120, Metric:, 0.29565608501434326
1597/16120, Metric:, 0.2961716651916504
1598/16120, Metric:, 0.29605454206466675
1599/16120, Metric:, 0.2961916923522949
1600/16120, Metric:, 0.2960827052593231
1601/16120, Metric:, 0.2960768938064575
1602/16120, Metric:, 0.29595839977264404
1603/16120, Metric:, 0.29603311419487
1604/16120, Metric:, 0.29585975408554077
1605/16120, Metric:, 0.2957685887813568
1606/16120, Metric:, 0.295594185590744
1607/16120, Metric:, 0.2955287992954254
1608/16120, Metric:, 0.29544520378112793
1609/16120, Metric:, 0.295385479927063
1610/16120, Metric:, 0.29539817571640015
1611/16120, Metric:, 0.2952835261821747
1612/16120, Metric:, 0.29516535997390747
1613/16120, Metric:, 0.29542267322540283
1614/16120, Metric:, 0.2955406904220581
1615/16120, Metric:, 0.2956823706626892
1616/16120, Metric:, 0.2957138419151306
1617/16120, Metric:, 0.29554709792137146
1618/16120, Metric:, 0.2952738106250763
1619/16120, Metric:, 0.2957117557525635
1620/16120, Metric:, 0.2957248091697693
1621/16120, Metric:, 0.2956121265888214
1622/16120, Metric:, 0.29591232538223267
1623/16120, Metric:, 0.29577434062957764
1624/16120, Metric:, 0.2969388961791992
1625/16120, Metric:, 0.2969191372394562
1626/16120, Metric:, 0.29660892486572266
1627/16120, Metric:, 0.2966603636741638
1628/16120, Metric:, 0.29674232006073
1629/16120, Metric:, 0.2966448962688446
1630/16120, Metric:, 0.2970282733440399
1631/16120, Metric:, 0.2970409393310547
1632/16120, Metric:, 0.2968696653842926
1633/16120, Metric:, 0.29674166440963745
1634/16120, Metric:, 0.2966981530189514
1635/16120, Metric:, 0.29665130376815796
1636/16120, Metric:, 0.2966877222061157
1637/16120, Metric:, 0.29642418026924133
1638/16120, Metric:, 0.29638081789016724
1639/16120, Metric:, 0.2963934540748596
1640/16120, Metric:, 0.2964707911014557
1641/16120, Metric:, 0.29630154371261597
1642/16120, Metric:, 0.2963479161262512
1643/16120, Metric:, 0.296279639005661
1644/16120, Metric:, 0.2961113452911377
1645/16120, Metric:, 0.2961084246635437
1646/16120, Metric:, 0.29619595408439636
1647/16120, Metric:, 0.2961072325706482
1648/16120, Metric:, 0.2960156798362732
1649/16120, Metric:, 0.29651930928230286
1650/16120, Metric:, 0.2965318262577057
1651/16120, Metric:, 0.29651543498039246
1652/16120, Metric:, 0.29662537574768066
1653/16120, Metric:, 0.29665401577949524
1654/16120, Metric:, 0.29657962918281555
1655/16120, Metric:, 0.2963116466999054
1656/16120, Metric:, 0.2966639995574951
1657/16120, Metric:, 0.29680320620536804
1658/16120, Metric:, 0.296585351228714
1659/16120, Metric:, 0.2966722249984741
1660/16120, Metric:, 0.29675865173339844
1661/16120, Metric:, 0.2968365252017975
1662/16120, Metric:, 0.2975468635559082
1663/16120, Metric:, 0.2974867522716522
1664/16120, Metric:, 0.29751595854759216
1665/16120, Metric:, 0.2976473271846771
1666/16120, Metric:, 0.2977764308452606
1667/16120, Metric:, 0.298051655292511
1668/16120, Metric:, 0.29795295000076294
1669/16120, Metric:, 0.29811152815818787
1670/16120, Metric:, 0.2978864312171936
1671/16120, Metric:, 0.29777854681015015
1672/16120, Metric:, 0.297820121049881
1673/16120, Metric:, 0.29780662059783936
1674/16120, Metric:, 0.29781901836395264
1675/16120, Metric:, 0.29806268215179443
1676/16120, Metric:, 0.29803216457366943
1677/16120, Metric:, 0.2980123460292816
1678/16120, Metric:, 0.29780298471450806
1679/16120, Metric:, 0.2977830469608307
1680/16120, Metric:, 0.29762911796569824
1681/16120, Metric:, 0.29760947823524475
1682/16120, Metric:, 0.29740163683891296
1683/16120, Metric:, 0.29749852418899536
1684/16120, Metric:, 0.29741722345352173
1685/16120, Metric:, 0.29749631881713867
1686/16120, Metric:, 0.29739052057266235
1687/16120, Metric:, 0.29727956652641296
1688/16120, Metric:, 0.2970123291015625
1689/16120, Metric:, 0.29709017276763916
1690/16120, Metric:, 0.29708850383758545
1691/16120, Metric:, 0.2970103919506073
1692/16120, Metric:, 0.2969834506511688
1693/16120, Metric:, 0.2969639301300049
1694/16120, Metric:, 0.2967487573623657
1695/16120, Metric:, 0.29672932624816895
1696/16120, Metric:, 0.29667165875434875
1697/16120, Metric:, 0.2968027889728546
1698/16120, Metric:, 0.2966098487377167
1699/16120, Metric:, 0.2965385615825653
1700/16120, Metric:, 0.2964966595172882
1701/16120, Metric:, 0.2962805926799774
1702/16120, Metric:, 0.29605427384376526
1703/16120, Metric:, 0.29598891735076904
1704/16120, Metric:, 0.29607608914375305
1705/16120, Metric:, 0.29610493779182434
1706/16120, Metric:, 0.2958032786846161
1707/16120, Metric:, 0.29565396904945374
1708/16120, Metric:, 0.2955612242221832
1709/16120, Metric:, 0.2955734431743622
1710/16120, Metric:, 0.2954011857509613
1711/16120, Metric:, 0.29523757100105286
1712/16120, Metric:, 0.29524996876716614
1713/16120, Metric:, 0.2952621579170227
1714/16120, Metric:, 0.2956007122993469
1715/16120, Metric:, 0.29550901055336
1716/16120, Metric:, 0.29531556367874146
1717/16120, Metric:, 0.29523566365242004
1718/16120, Metric:, 0.2953667640686035
1719/16120, Metric:, 0.29536429047584534
1720/16120, Metric:, 0.29551538825035095
1721/16120, Metric:, 0.29557475447654724
1722/16120, Metric:, 0.2955557703971863
1723/16120, Metric:, 0.2959129810333252
1724/16120, Metric:, 0.29594162106513977
1725/16120, Metric:, 0.2958097755908966
1726/16120, Metric:, 0.295838326215744
1727/16120, Metric:, 0.29573068022727966
1728/16120, Metric:, 0.29620805382728577
1729/16120, Metric:, 0.2961289584636688
1730/16120, Metric:, 0.29614096879959106
1731/16120, Metric:, 0.29604288935661316
1732/16120, Metric:, 0.296069473028183
1733/16120, Metric:, 0.29622143507003784
1734/16120, Metric:, 0.2966628074645996
1735/16120, Metric:, 0.2966747581958771
1736/16120, Metric:, 0.2964056730270386
1737/16120, Metric:, 0.2961505949497223
1738/16120, Metric:, 0.29620277881622314
1739/16120, Metric:, 0.2963036000728607
1740/16120, Metric:, 0.2963467538356781
1741/16120, Metric:, 0.29622942209243774
1742/16120, Metric:, 0.29631319642066956
1743/16120, Metric:, 0.29632484912872314
1744/16120, Metric:, 0.29612427949905396
1745/16120, Metric:, 0.296102911233902
1746/16120, Metric:, 0.29596784710884094
1747/16120, Metric:, 0.29579630494117737
1748/16120, Metric:, 0.29560521245002747
1749/16120, Metric:, 0.29546046257019043
1750/16120, Metric:, 0.2954476475715637
1751/16120, Metric:, 0.2954927682876587
1752/16120, Metric:, 0.29541274905204773
1753/16120, Metric:, 0.29530683159828186
1754/16120, Metric:, 0.29511356353759766
1755/16120, Metric:, 0.2954595983028412
1756/16120, Metric:, 0.2954467535018921
1757/16120, Metric:, 0.2953249514102936
1758/16120, Metric:, 0.2953062057495117
1759/16120, Metric:, 0.2951677143573761
1760/16120, Metric:, 0.29527878761291504
1761/16120, Metric:, 0.2951572835445404
1762/16120, Metric:, 0.2952028512954712
1763/16120, Metric:, 0.29535242915153503
1764/16120, Metric:, 0.2955176532268524
1765/16120, Metric:, 0.2954612076282501
1766/16120, Metric:, 0.29537302255630493
1767/16120, Metric:, 0.29519787430763245
1768/16120, Metric:, 0.29511117935180664
1769/16120, Metric:, 0.295001745223999
1770/16120, Metric:, 0.2949463129043579
1771/16120, Metric:, 0.2949579656124115
1772/16120, Metric:, 0.2948790490627289
1773/16120, Metric:, 0.29507872462272644
1774/16120, Metric:, 0.29497113823890686
1775/16120, Metric:, 0.2950041890144348
1776/16120, Metric:, 0.2950668931007385
1777/16120, Metric:, 0.29490312933921814
1778/16120, Metric:, 0.2948431968688965
1779/16120, Metric:, 0.29485517740249634
1780/16120, Metric:, 0.2947986125946045
1781/16120, Metric:, 0.29471275210380554
1782/16120, Metric:, 0.2946941554546356
1783/16120, Metric:, 0.29470571875572205
1784/16120, Metric:, 0.2946874797344208
1785/16120, Metric:, 0.29466891288757324
1786/16120, Metric:, 0.2946804463863373
1787/16120, Metric:, 0.2948574423789978
1788/16120, Metric:, 0.2947920560836792
1789/16120, Metric:, 0.29474660754203796
1790/16120, Metric:, 0.29459813237190247
1791/16120, Metric:, 0.2944399416446686
1792/16120, Metric:, 0.29461467266082764
1793/16120, Metric:, 0.29459041357040405
1794/16120, Metric:, 0.2949239909648895
1795/16120, Metric:, 0.2946230173110962
1796/16120, Metric:, 0.29463452100753784
1797/16120, Metric:, 0.29461929202079773
1798/16120, Metric:, 0.29453739523887634
1799/16120, Metric:, 0.2941662669181824
1800/16120, Metric:, 0.2939925193786621
1801/16120, Metric:, 0.2938861548900604
1802/16120, Metric:, 0.2936832010746002
1803/16120, Metric:, 0.29376456141471863
1804/16120, Metric:, 0.293699711561203
1805/16120, Metric:, 0.29379183053970337
1806/16120, Metric:, 0.29380327463150024
1807/16120, Metric:, 0.2942241132259369
1808/16120, Metric:, 0.2940492033958435
1809/16120, Metric:, 0.2939717769622803
1810/16120, Metric:, 0.2945554852485657
1811/16120, Metric:, 0.2943938076496124
1812/16120, Metric:, 0.2943871319293976
1813/16120, Metric:, 0.294368714094162
1814/16120, Metric:, 0.29417967796325684
1815/16120, Metric:, 0.29414430260658264
1816/16120, Metric:, 0.29404017329216003
1817/16120, Metric:, 0.293973445892334
1818/16120, Metric:, 0.29382938146591187
1819/16120, Metric:, 0.2938111126422882
1820/16120, Metric:, 0.29369857907295227
1821/16120, Metric:, 0.29396146535873413
1822/16120, Metric:, 0.29394352436065674
1823/16120, Metric:, 0.29387953877449036
1824/16120, Metric:, 0.293895959854126
1825/16120, Metric:, 0.29438021779060364
1826/16120, Metric:, 0.2942661941051483
1827/16120, Metric:, 0.29418879747390747
1828/16120, Metric:, 0.29420003294944763
1829/16120, Metric:, 0.2941605746746063
1830/16120, Metric:, 0.2941280007362366
1831/16120, Metric:, 0.2942754328250885
1832/16120, Metric:, 0.2946370840072632
1833/16120, Metric:, 0.29456827044487
1834/16120, Metric:, 0.2945660948753357
1835/16120, Metric:, 0.29454079270362854
1836/16120, Metric:, 0.29462146759033203
1837/16120, Metric:, 0.2944968342781067
1838/16120, Metric:, 0.29437801241874695
1839/16120, Metric:, 0.2943892478942871
1840/16120, Metric:, 0.2943473160266876
1841/16120, Metric:, 0.29433473944664
1842/16120, Metric:, 0.29408273100852966
1843/16120, Metric:, 0.2939817011356354
1844/16120, Metric:, 0.2939290702342987
1845/16120, Metric:, 0.2938900887966156
1846/16120, Metric:, 0.2940608859062195
1847/16120, Metric:, 0.29404154419898987
1848/16120, Metric:, 0.2939658463001251
1849/16120, Metric:, 0.29377707839012146
1850/16120, Metric:, 0.2935008704662323
1851/16120, Metric:, 0.2934592664241791
1852/16120, Metric:, 0.2933536469936371
1853/16120, Metric:, 0.29333290457725525
1854/16120, Metric:, 0.29319730401039124
1855/16120, Metric:, 0.29302579164505005
1856/16120, Metric:, 0.29298439621925354
1857/16120, Metric:, 0.2930101156234741
1858/16120, Metric:, 0.29279661178588867
1859/16120, Metric:, 0.2925831079483032
1860/16120, Metric:, 0.292573481798172
1861/16120, Metric:, 0.2927185893058777
1862/16120, Metric:, 0.29295989871025085
1863/16120, Metric:, 0.294371634721756
1864/16120, Metric:, 0.29425737261772156
1865/16120, Metric:, 0.2947400212287903
1866/16120, Metric:, 0.2946060001850128
1867/16120, Metric:, 0.29488658905029297
1868/16120, Metric:, 0.2950249910354614
1869/16120, Metric:, 0.29536759853363037
1870/16120, Metric:, 0.2953554093837738
1871/16120, Metric:, 0.29526370763778687
1872/16120, Metric:, 0.29522275924682617
1873/16120, Metric:, 0.2954595685005188
1874/16120, Metric:, 0.2953997850418091
1875/16120, Metric:, 0.2956579029560089
1876/16120, Metric:, 0.2954833507537842
1877/16120, Metric:, 0.2953290641307831
1878/16120, Metric:, 0.29554522037506104
1879/16120, Metric:, 0.29547521471977234
1880/16120, Metric:, 0.2954862415790558
1881/16120, Metric:, 0.29548001289367676
1882/16120, Metric:, 0.29549193382263184
1883/16120, Metric:, 0.2954280972480774
1884/16120, Metric:, 0.29533347487449646
1885/16120, Metric:, 0.2953481078147888
