1/1000, Metric:, 0.0
2/1000, Metric:, 1.0
3/1000, Metric:, 1.0
4/1000, Metric:, 1.0
5/1000, Metric:, 1.0
6/1000, Metric:, 1.0
7/1000, Metric:, 0.8333333730697632
8/1000, Metric:, 0.875
9/1000, Metric:, 0.8500000238418579
10/1000, Metric:, 0.8799999952316284
11/1000, Metric:, 0.8333333730697632
12/1000, Metric:, 0.7999999523162842
13/1000, Metric:, 0.8333333134651184
14/1000, Metric:, 0.8571428656578064
15/1000, Metric:, 0.8392857313156128
16/1000, Metric:, 0.841269850730896
17/1000, Metric:, 0.7777777910232544
18/1000, Metric:, 0.8024691939353943
19/1000, Metric:, 0.8222222328186035
20/1000, Metric:, 0.8181818723678589
21/1000, Metric:, 0.8090908527374268
22/1000, Metric:, 0.8099173307418823
23/1000, Metric:, 0.7954545021057129
24/1000, Metric:, 0.8041958212852478
25/1000, Metric:, 0.798701286315918
26/1000, Metric:, 0.8121212124824524
27/1000, Metric:, 0.8068181872367859
28/1000, Metric:, 0.7967914342880249
29/1000, Metric:, 0.808080792427063
30/1000, Metric:, 0.8181818127632141
31/1000, Metric:, 0.7894736528396606
32/1000, Metric:, 0.7833333015441895
33/1000, Metric:, 0.7936508059501648
34/1000, Metric:, 0.7655677795410156
35/1000, Metric:, 0.7727272510528564
36/1000, Metric:, 0.7564934492111206
37/1000, Metric:, 0.7727273106575012
38/1000, Metric:, 0.7755681276321411
39/1000, Metric:, 0.76902174949646
40/1000, Metric:, 0.7698209285736084
41/1000, Metric:, 0.7769608497619629
42/1000, Metric:, 0.7811764478683472
43/1000, Metric:, 0.7599999904632568
44/1000, Metric:, 0.7478632926940918
45/1000, Metric:, 0.7551440000534058
46/1000, Metric:, 0.7446393966674805
47/1000, Metric:, 0.7481203079223633
48/1000, Metric:, 0.7428572177886963
49/1000, Metric:, 0.7517241835594177
50/1000, Metric:, 0.7413792610168457
51/1000, Metric:, 0.7264889478683472
52/1000, Metric:, 0.7143938541412354
53/1000, Metric:, 0.7210144996643066
54/1000, Metric:, 0.7300140857696533
55/1000, Metric:, 0.7384511232376099
56/1000, Metric:, 0.732421875
57/1000, Metric:, 0.7206250429153442
58/1000, Metric:, 0.7133333086967468
59/1000, Metric:, 0.6987179517745972
60/1000, Metric:, 0.6941637992858887
61/1000, Metric:, 0.7031590938568115
62/1000, Metric:, 0.6990545988082886
63/1000, Metric:, 0.6913264989852905
64/1000, Metric:, 0.6862068772315979
65/1000, Metric:, 0.6928570866584778
66/1000, Metric:, 0.6828703880310059
67/1000, Metric:, 0.6850358247756958
68/1000, Metric:, 0.6940104365348816
69/1000, Metric:, 0.6973905563354492
70/1000, Metric:, 0.6973040103912354
71/1000, Metric:, 0.6959459781646729
72/1000, Metric:, 0.6946594715118408
73/1000, Metric:, 0.6973684430122375
74/1000, Metric:, 0.7007325887680054
75/1000, Metric:, 0.7090455293655396
76/1000, Metric:, 0.7155231833457947
77/1000, Metric:, 0.7185810804367065
78/1000, Metric:, 0.7175346612930298
79/1000, Metric:, 0.7236841917037964
80/1000, Metric:, 0.7307692170143127
81/1000, Metric:, 0.732012152671814
82/1000, Metric:, 0.730815052986145
83/1000, Metric:, 0.7139953970909119
84/1000, Metric:, 0.7191042900085449
85/1000, Metric:, 0.7228682041168213
86/1000, Metric:, 0.7145562767982483
87/1000, Metric:, 0.7203702926635742
88/1000, Metric:, 0.7121447324752808
89/1000, Metric:, 0.7178968191146851
90/1000, Metric:, 0.7194458246231079
91/1000, Metric:, 0.7146317958831787
92/1000, Metric:, 0.7199810743331909
93/1000, Metric:, 0.7195348739624023
94/1000, Metric:, 0.7259091138839722
95/1000, Metric:, 0.7196969985961914
96/1000, Metric:, 0.7246503829956055
97/1000, Metric:, 0.7307692766189575
98/1000, Metric:, 0.7224318981170654
99/1000, Metric:, 0.7272354364395142
100/1000, Metric:, 0.7314331531524658
101/1000, Metric:, 0.7328605055809021
102/1000, Metric:, 0.7218568325042725
103/1000, Metric:, 0.7276514768600464
104/1000, Metric:, 0.7306547164916992
105/1000, Metric:, 0.7288011312484741
106/1000, Metric:, 0.7329036593437195
107/1000, Metric:, 0.7210526466369629
108/1000, Metric:, 0.7189542651176453
109/1000, Metric:, 0.7226721048355103
110/1000, Metric:, 0.7236014604568481
111/1000, Metric:, 0.7283950448036194
112/1000, Metric:, 0.7234993577003479
113/1000, Metric:, 0.7278996706008911
114/1000, Metric:, 0.7290639877319336
115/1000, Metric:, 0.7300241589546204
116/1000, Metric:, 0.7339285612106323
117/1000, Metric:, 0.7365496754646301
118/1000, Metric:, 0.7304596900939941
119/1000, Metric:, 0.7259886264801025
120/1000, Metric:, 0.7236111760139465
121/1000, Metric:, 0.7278687953948975
122/1000, Metric:, 0.7239989042282104
123/1000, Metric:, 0.7197250127792358
124/1000, Metric:, 0.7231329679489136
125/1000, Metric:, 0.7219662070274353
126/1000, Metric:, 0.7253716588020325
127/1000, Metric:, 0.7182539701461792
128/1000, Metric:, 0.721435546875
129/1000, Metric:, 0.7141826748847961
130/1000, Metric:, 0.718579888343811
131/1000, Metric:, 0.7118881344795227
132/1000, Metric:, 0.7160239219665527
133/1000, Metric:, 0.7200361490249634
134/1000, Metric:, 0.7164179086685181
135/1000, Metric:, 0.716637372970581
136/1000, Metric:, 0.714903712272644
137/1000, Metric:, 0.7157782316207886
138/1000, Metric:, 0.7113445401191711
139/1000, Metric:, 0.7146998047828674
140/1000, Metric:, 0.718163251876831
141/1000, Metric:, 0.7118712663650513
142/1000, Metric:, 0.7023809552192688
143/1000, Metric:, 0.7061815857887268
144/1000, Metric:, 0.7000385522842407
145/1000, Metric:, 0.695205569267273
146/1000, Metric:, 0.693375825881958
147/1000, Metric:, 0.6954831480979919
148/1000, Metric:, 0.6991780996322632
149/1000, Metric:, 0.693042516708374
150/1000, Metric:, 0.691856324672699
151/1000, Metric:, 0.690175473690033
152/1000, Metric:, 0.691082239151001
153/1000, Metric:, 0.6947008371353149
154/1000, Metric:, 0.6958649158477783
155/1000, Metric:, 0.6909999847412109
156/1000, Metric:, 0.6862550973892212
157/1000, Metric:, 0.6897560358047485
158/1000, Metric:, 0.68613600730896
159/1000, Metric:, 0.6864111423492432
160/1000, Metric:, 0.6901893615722656
161/1000, Metric:, 0.6829004287719727
162/1000, Metric:, 0.6814361810684204
163/1000, Metric:, 0.6738145351409912
164/1000, Metric:, 0.6772511005401611
165/1000, Metric:, 0.6720635890960693
166/1000, Metric:, 0.6646296977996826
167/1000, Metric:, 0.6623992919921875
168/1000, Metric:, 0.6542613506317139
169/1000, Metric:, 0.6579685807228088
170/1000, Metric:, 0.6549334526062012
171/1000, Metric:, 0.6562157869338989
172/1000, Metric:, 0.6497901678085327
173/1000, Metric:, 0.6526217460632324
174/1000, Metric:, 0.6549900770187378
175/1000, Metric:, 0.6584314107894897
176/1000, Metric:, 0.6560438871383667
177/1000, Metric:, 0.6521738767623901
178/1000, Metric:, 0.6493933200836182
179/1000, Metric:, 0.6485371589660645
180/1000, Metric:, 0.6491835713386536
181/1000, Metric:, 0.6430667638778687
182/1000, Metric:, 0.6432543992996216
183/1000, Metric:, 0.6407895088195801
184/1000, Metric:, 0.6420454978942871
185/1000, Metric:, 0.6411516666412354
186/1000, Metric:, 0.6417824029922485
187/1000, Metric:, 0.6426116228103638
188/1000, Metric:, 0.6442732810974121
189/1000, Metric:, 0.6378305554389954
190/1000, Metric:, 0.6378660202026367
191/1000, Metric:, 0.640498161315918
192/1000, Metric:, 0.6441295146942139
193/1000, Metric:, 0.6462903022766113
194/1000, Metric:, 0.6495212912559509
195/1000, Metric:, 0.6489999890327454
196/1000, Metric:, 0.6521353721618652
197/1000, Metric:, 0.6512479782104492
198/1000, Metric:, 0.6501736640930176
199/1000, Metric:, 0.6486650705337524
200/1000, Metric:, 0.6507412195205688
201/1000, Metric:, 0.6504960060119629
202/1000, Metric:, 0.6496659517288208
203/1000, Metric:, 0.6480256915092468
204/1000, Metric:, 0.6505444049835205
205/1000, Metric:, 0.650916337966919
206/1000, Metric:, 0.6495653390884399
207/1000, Metric:, 0.6494102478027344
208/1000, Metric:, 0.648781418800354
209/1000, Metric:, 0.6521100997924805
210/1000, Metric:, 0.6492869853973389
211/1000, Metric:, 0.6498470902442932
212/1000, Metric:, 0.6493761539459229
213/1000, Metric:, 0.650061845779419
214/1000, Metric:, 0.6513600945472717
215/1000, Metric:, 0.6504853963851929
216/1000, Metric:, 0.6529875993728638
217/1000, Metric:, 0.655697226524353
218/1000, Metric:, 0.6584399938583374
219/1000, Metric:, 0.6558691263198853
220/1000, Metric:, 0.656934916973114
221/1000, Metric:, 0.6595343351364136
222/1000, Metric:, 0.6535900235176086
223/1000, Metric:, 0.6562851667404175
224/1000, Metric:, 0.6525517702102661
225/1000, Metric:, 0.65046626329422
226/1000, Metric:, 0.6533521413803101
227/1000, Metric:, 0.6561868786811829
228/1000, Metric:, 0.6590489149093628
229/1000, Metric:, 0.6558352708816528
230/1000, Metric:, 0.6583743095397949
231/1000, Metric:, 0.6526986956596375
232/1000, Metric:, 0.6540577411651611
233/1000, Metric:, 0.652519941329956
234/1000, Metric:, 0.6501315236091614
235/1000, Metric:, 0.6488698720932007
236/1000, Metric:, 0.6512930393218994
237/1000, Metric:, 0.6529914140701294
238/1000, Metric:, 0.6536017060279846
239/1000, Metric:, 0.650231122970581
240/1000, Metric:, 0.6512258052825928
241/1000, Metric:, 0.6462666988372803
242/1000, Metric:, 0.6411543488502502
243/1000, Metric:, 0.6411585807800293
244/1000, Metric:, 0.6418346762657166
245/1000, Metric:, 0.6398626565933228
246/1000, Metric:, 0.636661171913147
247/1000, Metric:, 0.6326577663421631
248/1000, Metric:, 0.6278063058853149
249/1000, Metric:, 0.6299393177032471
250/1000, Metric:, 0.6313344836235046
251/1000, Metric:, 0.6281945109367371
252/1000, Metric:, 0.6266393661499023
253/1000, Metric:, 0.6262357831001282
254/1000, Metric:, 0.6244721412658691
255/1000, Metric:, 0.6211813688278198
256/1000, Metric:, 0.6174852848052979
257/1000, Metric:, 0.6166666746139526
258/1000, Metric:, 0.6156390905380249
259/1000, Metric:, 0.6135576963424683
260/1000, Metric:, 0.6108741760253906
261/1000, Metric:, 0.613174319267273
262/1000, Metric:, 0.6113573312759399
263/1000, Metric:, 0.6130394339561462
264/1000, Metric:, 0.6107921600341797
265/1000, Metric:, 0.6099144816398621
266/1000, Metric:, 0.6086538434028625
267/1000, Metric:, 0.6061967611312866
268/1000, Metric:, 0.6055035591125488
269/1000, Metric:, 0.6038258075714111
270/1000, Metric:, 0.5999780893325806
271/1000, Metric:, 0.6016449928283691
272/1000, Metric:, 0.5974587798118591
273/1000, Metric:, 0.5995599031448364
274/1000, Metric:, 0.5987000465393066
275/1000, Metric:, 0.5960012674331665
276/1000, Metric:, 0.5985926389694214
277/1000, Metric:, 0.6010321974754333
278/1000, Metric:, 0.6009005308151245
279/1000, Metric:, 0.6000514030456543
280/1000, Metric:, 0.6013062000274658
281/1000, Metric:, 0.6002532243728638
282/1000, Metric:, 0.6013278961181641
283/1000, Metric:, 0.5991659164428711
284/1000, Metric:, 0.5981005430221558
285/1000, Metric:, 0.596794068813324
286/1000, Metric:, 0.5933542251586914
287/1000, Metric:, 0.5957410335540771
288/1000, Metric:, 0.596503496170044
289/1000, Metric:, 0.5969588160514832
290/1000, Metric:, 0.5964373350143433
291/1000, Metric:, 0.5938355922698975
292/1000, Metric:, 0.5928923487663269
293/1000, Metric:, 0.5952236652374268
294/1000, Metric:, 0.5949879884719849
295/1000, Metric:, 0.591960072517395
296/1000, Metric:, 0.594086766242981
297/1000, Metric:, 0.5921028852462769
298/1000, Metric:, 0.594200611114502
299/1000, Metric:, 0.5965394973754883
300/1000, Metric:, 0.5990173816680908
301/1000, Metric:, 0.598017156124115
302/1000, Metric:, 0.5999255180358887
303/1000, Metric:, 0.5966835021972656
304/1000, Metric:, 0.5988525748252869
305/1000, Metric:, 0.5957451462745667
306/1000, Metric:, 0.5940170884132385
307/1000, Metric:, 0.5906350612640381
308/1000, Metric:, 0.5921879410743713
309/1000, Metric:, 0.5946613550186157
310/1000, Metric:, 0.5932711362838745
311/1000, Metric:, 0.5945230722427368
312/1000, Metric:, 0.5933736562728882
313/1000, Metric:, 0.5942401885986328
314/1000, Metric:, 0.594521164894104
315/1000, Metric:, 0.5968952178955078
316/1000, Metric:, 0.5989581346511841
317/1000, Metric:, 0.5982640981674194
318/1000, Metric:, 0.5957985520362854
319/1000, Metric:, 0.5970202684402466
320/1000, Metric:, 0.5958353281021118
321/1000, Metric:, 0.5932914018630981
322/1000, Metric:, 0.5926312208175659
323/1000, Metric:, 0.5945743918418884
324/1000, Metric:, 0.5948443412780762
325/1000, Metric:, 0.5927250981330872
326/1000, Metric:, 0.5939440727233887
327/1000, Metric:, 0.5951482057571411
328/1000, Metric:, 0.5971184372901917
329/1000, Metric:, 0.5965887904167175
330/1000, Metric:, 0.595587968826294
331/1000, Metric:, 0.5973966717720032
332/1000, Metric:, 0.5984683632850647
333/1000, Metric:, 0.5963924527168274
334/1000, Metric:, 0.5950869917869568
335/1000, Metric:, 0.5968983173370361
336/1000, Metric:, 0.5957823991775513
337/1000, Metric:, 0.5975480675697327
338/1000, Metric:, 0.5970865488052368
339/1000, Metric:, 0.5990461111068726
340/1000, Metric:, 0.5977298021316528
341/1000, Metric:, 0.5970960259437561
342/1000, Metric:, 0.5990697145462036
343/1000, Metric:, 0.6000339984893799
344/1000, Metric:, 0.6010546684265137
345/1000, Metric:, 0.6003663539886475
346/1000, Metric:, 0.597751259803772
347/1000, Metric:, 0.6000431776046753
348/1000, Metric:, 0.5967267751693726
349/1000, Metric:, 0.5986371040344238
350/1000, Metric:, 0.6005257368087769
351/1000, Metric:, 0.5999188423156738
352/1000, Metric:, 0.6002744436264038
353/1000, Metric:, 0.5991814136505127
354/1000, Metric:, 0.5973343849182129
355/1000, Metric:, 0.5975713729858398
356/1000, Metric:, 0.5957537889480591
357/1000, Metric:, 0.595023512840271
358/1000, Metric:, 0.5968562960624695
359/1000, Metric:, 0.5958613157272339
360/1000, Metric:, 0.5979650020599365
361/1000, Metric:, 0.5969133973121643
362/1000, Metric:, 0.5974462628364563
363/1000, Metric:, 0.596682071685791
364/1000, Metric:, 0.5979207158088684
365/1000, Metric:, 0.5995912551879883
366/1000, Metric:, 0.5994800329208374
367/1000, Metric:, 0.6004695296287537
368/1000, Metric:, 0.6025118231773376
369/1000, Metric:, 0.60049968957901
370/1000, Metric:, 0.5972989797592163
371/1000, Metric:, 0.5958049297332764
372/1000, Metric:, 0.5930407047271729
373/1000, Metric:, 0.5946485996246338
374/1000, Metric:, 0.595323920249939
375/1000, Metric:, 0.5922475457191467
376/1000, Metric:, 0.5919767618179321
377/1000, Metric:, 0.5938485264778137
378/1000, Metric:, 0.5921398997306824
379/1000, Metric:, 0.5932347774505615
380/1000, Metric:, 0.5930159091949463
381/1000, Metric:, 0.5923996567726135
382/1000, Metric:, 0.593941867351532
383/1000, Metric:, 0.5933732986450195
384/1000, Metric:, 0.5933592319488525
385/1000, Metric:, 0.5952882170677185
386/1000, Metric:, 0.5943406820297241
387/1000, Metric:, 0.595512866973877
388/1000, Metric:, 0.5954297780990601
389/1000, Metric:, 0.5969336032867432
390/1000, Metric:, 0.5986061692237854
391/1000, Metric:, 0.5988487601280212
392/1000, Metric:, 0.5998802185058594
393/1000, Metric:, 0.6014451384544373
394/1000, Metric:, 0.6026334762573242
395/1000, Metric:, 0.6044710874557495
396/1000, Metric:, 0.6060761213302612
397/1000, Metric:, 0.6071392297744751
398/1000, Metric:, 0.6065124273300171
399/1000, Metric:, 0.6072739362716675
400/1000, Metric:, 0.608737587928772
401/1000, Metric:, 0.6069527864456177
402/1000, Metric:, 0.6063339710235596
403/1000, Metric:, 0.6072114706039429
404/1000, Metric:, 0.6050999760627747
405/1000, Metric:, 0.604277491569519
406/1000, Metric:, 0.6049891710281372
407/1000, Metric:, 0.6067565679550171
408/1000, Metric:, 0.6068724989891052
409/1000, Metric:, 0.6058704257011414
410/1000, Metric:, 0.6050565242767334
411/1000, Metric:, 0.6069618463516235
412/1000, Metric:, 0.6058206558227539
413/1000, Metric:, 0.6073874235153198
414/1000, Metric:, 0.6048473715782166
415/1000, Metric:, 0.606709897518158
416/1000, Metric:, 0.6079187989234924
417/1000, Metric:, 0.6077705025672913
418/1000, Metric:, 0.6063505411148071
419/1000, Metric:, 0.6068352460861206
420/1000, Metric:, 0.6066440343856812
421/1000, Metric:, 0.6047844886779785
422/1000, Metric:, 0.6025382280349731
423/1000, Metric:, 0.6035612225532532
424/1000, Metric:, 0.6050886511802673
425/1000, Metric:, 0.6067347526550293
426/1000, Metric:, 0.6063855886459351
427/1000, Metric:, 0.6055396795272827
428/1000, Metric:, 0.6073659658432007
429/1000, Metric:, 0.6055577397346497
430/1000, Metric:, 0.603524386882782
431/1000, Metric:, 0.6052263379096985
432/1000, Metric:, 0.6051548719406128
433/1000, Metric:, 0.6057072877883911
434/1000, Metric:, 0.60521399974823
435/1000, Metric:, 0.6057838797569275
436/1000, Metric:, 0.6056435704231262
437/1000, Metric:, 0.6037555932998657
438/1000, Metric:, 0.6046057939529419
439/1000, Metric:, 0.604171872138977
440/1000, Metric:, 0.6015908718109131
441/1000, Metric:, 0.6017687916755676
442/1000, Metric:, 0.6002538204193115
443/1000, Metric:, 0.6018915176391602
444/1000, Metric:, 0.5992735624313354
445/1000, Metric:, 0.6006746888160706
446/1000, Metric:, 0.6010295152664185
447/1000, Metric:, 0.6017176508903503
448/1000, Metric:, 0.6031988263130188
449/1000, Metric:, 0.6048752069473267
450/1000, Metric:, 0.6062009334564209
451/1000, Metric:, 0.6079281568527222
452/1000, Metric:, 0.6087288856506348
453/1000, Metric:, 0.6072319746017456
454/1000, Metric:, 0.6084133982658386
455/1000, Metric:, 0.6083575487136841
456/1000, Metric:, 0.6080319285392761
457/1000, Metric:, 0.6075451374053955
458/1000, Metric:, 0.6091023683547974
459/1000, Metric:, 0.6105024218559265
460/1000, Metric:, 0.6118987798690796
461/1000, Metric:, 0.6105715036392212
462/1000, Metric:, 0.611822247505188
463/1000, Metric:, 0.6132012605667114
464/1000, Metric:, 0.6129133701324463
465/1000, Metric:, 0.6108521223068237
466/1000, Metric:, 0.6088237762451172
467/1000, Metric:, 0.610161304473877
468/1000, Metric:, 0.611100971698761
469/1000, Metric:, 0.6098330616950989
470/1000, Metric:, 0.6114823222160339
471/1000, Metric:, 0.6111882328987122
472/1000, Metric:, 0.6108607649803162
473/1000, Metric:, 0.6123596429824829
474/1000, Metric:, 0.6123217344284058
475/1000, Metric:, 0.613631546497345
476/1000, Metric:, 0.614948034286499
477/1000, Metric:, 0.615673303604126
478/1000, Metric:, 0.6140843629837036
479/1000, Metric:, 0.6148314476013184
480/1000, Metric:, 0.6132137775421143
481/1000, Metric:, 0.6148253679275513
482/1000, Metric:, 0.6150978803634644
483/1000, Metric:, 0.6139792799949646
484/1000, Metric:, 0.6147036552429199
485/1000, Metric:, 0.6157790422439575
486/1000, Metric:, 0.6172690391540527
487/1000, Metric:, 0.6155591011047363
488/1000, Metric:, 0.61517333984375
489/1000, Metric:, 0.6155023574829102
490/1000, Metric:, 0.614826500415802
491/1000, Metric:, 0.6155416369438171
492/1000, Metric:, 0.6148697733879089
493/1000, Metric:, 0.6160708665847778
494/1000, Metric:, 0.6167691349983215
495/1000, Metric:, 0.6181963682174683
496/1000, Metric:, 0.6192357540130615
497/1000, Metric:, 0.6186234951019287
498/1000, Metric:, 0.6177879571914673
499/1000, Metric:, 0.6167341470718384
500/1000, Metric:, 0.6172555685043335
501/1000, Metric:, 0.617167055606842
502/1000, Metric:, 0.6179364919662476
503/1000, Metric:, 0.6166129112243652
504/1000, Metric:, 0.6168587803840637
505/1000, Metric:, 0.6163655519485474
506/1000, Metric:, 0.6178427934646606
507/1000, Metric:, 0.6182113885879517
508/1000, Metric:, 0.616329550743103
509/1000, Metric:, 0.6173804998397827
510/1000, Metric:, 0.6169183850288391
511/1000, Metric:, 0.6177006959915161
512/1000, Metric:, 0.6163958311080933
513/1000, Metric:, 0.6169823408126831
514/1000, Metric:, 0.6155674457550049
515/1000, Metric:, 0.6166259050369263
516/1000, Metric:, 0.6170995831489563
517/1000, Metric:, 0.6167205572128296
518/1000, Metric:, 0.617522120475769
519/1000, Metric:, 0.6181169748306274
520/1000, Metric:, 0.6179825067520142
521/1000, Metric:, 0.6193227171897888
522/1000, Metric:, 0.6202290058135986
523/1000, Metric:, 0.6196221113204956
524/1000, Metric:, 0.6181256771087646
525/1000, Metric:, 0.6175078749656677
526/1000, Metric:, 0.6188104748725891
527/1000, Metric:, 0.620254397392273
528/1000, Metric:, 0.6212999820709229
529/1000, Metric:, 0.6206938624382019
530/1000, Metric:, 0.6201512813568115
531/1000, Metric:, 0.6186939477920532
532/1000, Metric:, 0.6177160739898682
533/1000, Metric:, 0.617509126663208
534/1000, Metric:, 0.6170393228530884
535/1000, Metric:, 0.6179146766662598
536/1000, Metric:, 0.6169177293777466
537/1000, Metric:, 0.6176551580429077
538/1000, Metric:, 0.6159895062446594
539/1000, Metric:, 0.6148593425750732
540/1000, Metric:, 0.6145831942558289
541/1000, Metric:, 0.6138406991958618
542/1000, Metric:, 0.6148896813392639
543/1000, Metric:, 0.6158562898635864
544/1000, Metric:, 0.6165199875831604
545/1000, Metric:, 0.6177009344100952
546/1000, Metric:, 0.6175531148910522
547/1000, Metric:, 0.6184825897216797
548/1000, Metric:, 0.6189210414886475
549/1000, Metric:, 0.6200097799301147
550/1000, Metric:, 0.620021402835846
551/1000, Metric:, 0.6193509697914124
552/1000, Metric:, 0.6199063062667847
553/1000, Metric:, 0.6204575896263123
554/1000, Metric:, 0.6211287975311279
555/1000, Metric:, 0.620077908039093
556/1000, Metric:, 0.619670033454895
557/1000, Metric:, 0.6210479736328125
558/1000, Metric:, 0.6194817423820496
559/1000, Metric:, 0.619725227355957
560/1000, Metric:, 0.6207325458526611
561/1000, Metric:, 0.6208877563476562
562/1000, Metric:, 0.6212635040283203
563/1000, Metric:, 0.6215070486068726
564/1000, Metric:, 0.6222221851348877
565/1000, Metric:, 0.622907280921936
566/1000, Metric:, 0.6234890222549438
567/1000, Metric:, 0.6246639490127563
568/1000, Metric:, 0.6244497895240784
569/1000, Metric:, 0.6254602670669556
570/1000, Metric:, 0.6260712146759033
571/1000, Metric:, 0.6269385814666748
572/1000, Metric:, 0.6272146105766296
573/1000, Metric:, 0.626806378364563
574/1000, Metric:, 0.6265541315078735
575/1000, Metric:, 0.627190113067627
576/1000, Metric:, 0.6270138025283813
577/1000, Metric:, 0.6261476278305054
578/1000, Metric:, 0.6269282102584839
579/1000, Metric:, 0.6278911828994751
580/1000, Metric:, 0.6290514469146729
581/1000, Metric:, 0.6281853914260864
582/1000, Metric:, 0.6260675191879272
583/1000, Metric:, 0.6254944205284119
584/1000, Metric:, 0.6260397434234619
585/1000, Metric:, 0.6247369050979614
586/1000, Metric:, 0.6240153908729553
587/1000, Metric:, 0.6252119541168213
588/1000, Metric:, 0.6238313317298889
589/1000, Metric:, 0.6243281960487366
590/1000, Metric:, 0.6253160834312439
591/1000, Metric:, 0.6256643533706665
592/1000, Metric:, 0.6239440441131592
593/1000, Metric:, 0.6234071254730225
594/1000, Metric:, 0.6245960593223572
595/1000, Metric:, 0.6244716644287109
596/1000, Metric:, 0.6244368553161621
597/1000, Metric:, 0.6254068613052368
598/1000, Metric:, 0.6254572868347168
599/1000, Metric:, 0.6267226338386536
600/1000, Metric:, 0.6270904541015625
601/1000, Metric:, 0.6252630352973938
602/1000, Metric:, 0.6246025562286377
603/1000, Metric:, 0.6254620552062988
604/1000, Metric:, 0.6241063475608826
605/1000, Metric:, 0.6245956420898438
606/1000, Metric:, 0.6227275133132935
607/1000, Metric:, 0.6228910684585571
608/1000, Metric:, 0.623437762260437
609/1000, Metric:, 0.6245604753494263
610/1000, Metric:, 0.6246546506881714
611/1000, Metric:, 0.6242499351501465
612/1000, Metric:, 0.6248677968978882
613/1000, Metric:, 0.6257238984107971
614/1000, Metric:, 0.6249204277992249
615/1000, Metric:, 0.6240402460098267
616/1000, Metric:, 0.62384033203125
617/1000, Metric:, 0.6225123405456543
618/1000, Metric:, 0.6221879124641418
619/1000, Metric:, 0.6226955056190491
620/1000, Metric:, 0.6234196424484253
621/1000, Metric:, 0.6235063672065735
622/1000, Metric:, 0.6243124604225159
623/1000, Metric:, 0.6245929002761841
624/1000, Metric:, 0.6252580881118774
625/1000, Metric:, 0.6257654428482056
626/1000, Metric:, 0.6266689300537109
627/1000, Metric:, 0.6260302066802979
628/1000, Metric:, 0.625655472278595
629/1000, Metric:, 0.6256090998649597
630/1000, Metric:, 0.6266276836395264
631/1000, Metric:, 0.6271297931671143
632/1000, Metric:, 0.6266937255859375
633/1000, Metric:, 0.6258810758590698
634/1000, Metric:, 0.6251530647277832
635/1000, Metric:, 0.6256399154663086
636/1000, Metric:, 0.6254795789718628
637/1000, Metric:, 0.6263900399208069
638/1000, Metric:, 0.6266019344329834
639/1000, Metric:, 0.6271407008171082
640/1000, Metric:, 0.625605583190918
641/1000, Metric:, 0.6257351040840149
642/1000, Metric:, 0.626352846622467
643/1000, Metric:, 0.6259943246841431
644/1000, Metric:, 0.6255112290382385
645/1000, Metric:, 0.626050591468811
646/1000, Metric:, 0.625487744808197
647/1000, Metric:, 0.6238341331481934
648/1000, Metric:, 0.62323397397995
649/1000, Metric:, 0.6231789588928223
650/1000, Metric:, 0.6239100098609924
651/1000, Metric:, 0.624759316444397
652/1000, Metric:, 0.6257904171943665
653/1000, Metric:, 0.6256941556930542
654/1000, Metric:, 0.624284565448761
655/1000, Metric:, 0.6246433854103088
656/1000, Metric:, 0.6248047947883606
657/1000, Metric:, 0.6257297992706299
658/1000, Metric:, 0.6250970363616943
659/1000, Metric:, 0.6244128346443176
660/1000, Metric:, 0.6254270076751709
661/1000, Metric:, 0.6261924505233765
662/1000, Metric:, 0.6260119676589966
663/1000, Metric:, 0.6270110607147217
664/1000, Metric:, 0.6275867819786072
665/1000, Metric:, 0.6270442008972168
666/1000, Metric:, 0.6279522776603699
667/1000, Metric:, 0.628728985786438
668/1000, Metric:, 0.6293128728866577
669/1000, Metric:, 0.6300050020217896
670/1000, Metric:, 0.6299310922622681
671/1000, Metric:, 0.6297333240509033
672/1000, Metric:, 0.6301774978637695
673/1000, Metric:, 0.6308751702308655
674/1000, Metric:, 0.6307357549667358
675/1000, Metric:, 0.6317296028137207
676/1000, Metric:, 0.630266547203064
677/1000, Metric:, 0.6305596828460693
678/1000, Metric:, 0.6289551854133606
679/1000, Metric:, 0.6288588643074036
680/1000, Metric:, 0.6274524927139282
681/1000, Metric:, 0.6276761293411255
682/1000, Metric:, 0.6284476518630981
683/1000, Metric:, 0.6280612945556641
684/1000, Metric:, 0.6279925107955933
685/1000, Metric:, 0.6290663480758667
686/1000, Metric:, 0.6274734735488892
687/1000, Metric:, 0.6274577975273132
688/1000, Metric:, 0.6283760070800781
689/1000, Metric:, 0.6277173757553101
690/1000, Metric:, 0.6282252073287964
691/1000, Metric:, 0.628185510635376
692/1000, Metric:, 0.6286973357200623
693/1000, Metric:, 0.6277297735214233
694/1000, Metric:, 0.628799557685852
695/1000, Metric:, 0.6282649040222168
696/1000, Metric:, 0.628935694694519
697/1000, Metric:, 0.6295285224914551
698/1000, Metric:, 0.6301026344299316
699/1000, Metric:, 0.6293941736221313
700/1000, Metric:, 0.6283836364746094
701/1000, Metric:, 0.6272486448287964
702/1000, Metric:, 0.6282182931900024
703/1000, Metric:, 0.6282922029495239
704/1000, Metric:, 0.6279226541519165
705/1000, Metric:, 0.6287744641304016
706/1000, Metric:, 0.6292563676834106
707/1000, Metric:, 0.6287351250648499
708/1000, Metric:, 0.6291375160217285
709/1000, Metric:, 0.6294898986816406
710/1000, Metric:, 0.629621148109436
711/1000, Metric:, 0.6303093433380127
712/1000, Metric:, 0.6307008266448975
713/1000, Metric:, 0.6290954351425171
714/1000, Metric:, 0.6286956667900085
715/1000, Metric:, 0.6296204328536987
716/1000, Metric:, 0.6294007301330566
717/1000, Metric:, 0.6289606094360352
718/1000, Metric:, 0.6298924684524536
719/1000, Metric:, 0.6297125816345215
720/1000, Metric:, 0.6297690868377686
721/1000, Metric:, 0.6291901469230652
722/1000, Metric:, 0.627719521522522
723/1000, Metric:, 0.6283923387527466
724/1000, Metric:, 0.6272945404052734
725/1000, Metric:, 0.6270722150802612
726/1000, Metric:, 0.627974271774292
727/1000, Metric:, 0.6279783248901367
728/1000, Metric:, 0.6272275447845459
729/1000, Metric:, 0.6276233196258545
730/1000, Metric:, 0.6285768747329712
731/1000, Metric:, 0.6280113458633423
732/1000, Metric:, 0.6276654005050659
733/1000, Metric:, 0.6285945177078247
734/1000, Metric:, 0.6290879845619202
735/1000, Metric:, 0.6276161670684814
736/1000, Metric:, 0.627976655960083
737/1000, Metric:, 0.6277050971984863
738/1000, Metric:, 0.6279051303863525
739/1000, Metric:, 0.628873348236084
740/1000, Metric:, 0.6289303302764893
741/1000, Metric:, 0.6295989751815796
742/1000, Metric:, 0.6304384469985962
743/1000, Metric:, 0.6294891238212585
744/1000, Metric:, 0.6299469470977783
745/1000, Metric:, 0.6292272806167603
746/1000, Metric:, 0.6298627257347107
747/1000, Metric:, 0.6306811571121216
748/1000, Metric:, 0.6293718814849854
749/1000, Metric:, 0.629474401473999
750/1000, Metric:, 0.6300563812255859
751/1000, Metric:, 0.6283955574035645
752/1000, Metric:, 0.6293759942054749
753/1000, Metric:, 0.6302737593650818
754/1000, Metric:, 0.630439043045044
755/1000, Metric:, 0.6292440295219421
756/1000, Metric:, 0.6301586031913757
757/1000, Metric:, 0.6307960748672485
758/1000, Metric:, 0.6315417289733887
759/1000, Metric:, 0.6308389902114868
760/1000, Metric:, 0.6303925514221191
761/1000, Metric:, 0.6298967599868774
762/1000, Metric:, 0.6306563019752502
763/1000, Metric:, 0.6308350563049316
764/1000, Metric:, 0.6316161155700684
765/1000, Metric:, 0.6311315894126892
766/1000, Metric:, 0.6299573183059692
767/1000, Metric:, 0.629564642906189
768/1000, Metric:, 0.6292926073074341
769/1000, Metric:, 0.6294800043106079
770/1000, Metric:, 0.6302804946899414
771/1000, Metric:, 0.6307672262191772
772/1000, Metric:, 0.6309828758239746
773/1000, Metric:, 0.6311727166175842
774/1000, Metric:, 0.6314051151275635
775/1000, Metric:, 0.6323091983795166
776/1000, Metric:, 0.6319527626037598
777/1000, Metric:, 0.6313469409942627
778/1000, Metric:, 0.6306484937667847
779/1000, Metric:, 0.6305669546127319
780/1000, Metric:, 0.6305220127105713
781/1000, Metric:, 0.6290833353996277
782/1000, Metric:, 0.6286085247993469
783/1000, Metric:, 0.6294165253639221
784/1000, Metric:, 0.6298050284385681
785/1000, Metric:, 0.6303095817565918
786/1000, Metric:, 0.6311819553375244
787/1000, Metric:, 0.6318442821502686
788/1000, Metric:, 0.6322823762893677
789/1000, Metric:, 0.6330235004425049
790/1000, Metric:, 0.6337161064147949
791/1000, Metric:, 0.6335769891738892
792/1000, Metric:, 0.6344403028488159
793/1000, Metric:, 0.6339315176010132
794/1000, Metric:, 0.6336792707443237
795/1000, Metric:, 0.6333396434783936
796/1000, Metric:, 0.6335101127624512
797/1000, Metric:, 0.633928656578064
798/1000, Metric:, 0.6333113312721252
799/1000, Metric:, 0.6332048177719116
800/1000, Metric:, 0.6339115500450134
801/1000, Metric:, 0.6334046125411987
802/1000, Metric:, 0.6331943869590759
803/1000, Metric:, 0.6325793266296387
804/1000, Metric:, 0.6328912973403931
805/1000, Metric:, 0.6316276788711548
806/1000, Metric:, 0.6310093998908997
807/1000, Metric:, 0.6306532025337219
808/1000, Metric:, 0.6295754909515381
809/1000, Metric:, 0.6303990483283997
810/1000, Metric:, 0.630020022392273
811/1000, Metric:, 0.6303820610046387
812/1000, Metric:, 0.6309914588928223
813/1000, Metric:, 0.6316999197006226
814/1000, Metric:, 0.6317827105522156
815/1000, Metric:, 0.6316956281661987
816/1000, Metric:, 0.63084876537323
817/1000, Metric:, 0.6304786801338196
818/1000, Metric:, 0.6298712491989136
819/1000, Metric:, 0.6304802894592285
820/1000, Metric:, 0.6309256553649902
821/1000, Metric:, 0.6298667192459106
822/1000, Metric:, 0.6296777725219727
823/1000, Metric:, 0.6303645372390747
824/1000, Metric:, 0.6294642686843872
825/1000, Metric:, 0.6290097832679749
826/1000, Metric:, 0.6279757022857666
827/1000, Metric:, 0.6280264854431152
828/1000, Metric:, 0.6289018392562866
829/1000, Metric:, 0.628934383392334
830/1000, Metric:, 0.6277989149093628
831/1000, Metric:, 0.6278363466262817
832/1000, Metric:, 0.6263128519058228
833/1000, Metric:, 0.6255578398704529
834/1000, Metric:, 0.6253156065940857
835/1000, Metric:, 0.6260758638381958
836/1000, Metric:, 0.62550950050354
837/1000, Metric:, 0.6255111694335938
838/1000, Metric:, 0.6245898008346558
839/1000, Metric:, 0.6245537996292114
840/1000, Metric:, 0.6235944032669067
841/1000, Metric:, 0.6244625449180603
842/1000, Metric:, 0.6248137950897217
843/1000, Metric:, 0.6247804164886475
844/1000, Metric:, 0.6248568296432495
845/1000, Metric:, 0.6254034042358398
846/1000, Metric:, 0.6256505250930786
847/1000, Metric:, 0.6264709234237671
848/1000, Metric:, 0.6267979145050049
849/1000, Metric:, 0.6271344423294067
850/1000, Metric:, 0.6274305582046509
851/1000, Metric:, 0.6282224655151367
852/1000, Metric:, 0.6283822059631348
853/1000, Metric:, 0.6276354789733887
854/1000, Metric:, 0.6263660192489624
855/1000, Metric:, 0.6270400285720825
856/1000, Metric:, 0.6261746883392334
857/1000, Metric:, 0.6251702308654785
858/1000, Metric:, 0.6254042387008667
859/1000, Metric:, 0.6261929273605347
860/1000, Metric:, 0.6256464123725891
861/1000, Metric:, 0.6264246702194214
862/1000, Metric:, 0.6269678473472595
863/1000, Metric:, 0.6256015300750732
864/1000, Metric:, 0.6264073848724365
865/1000, Metric:, 0.6261682510375977
866/1000, Metric:, 0.6269969344139099
867/1000, Metric:, 0.6275557279586792
868/1000, Metric:, 0.628225564956665
869/1000, Metric:, 0.6288896799087524
870/1000, Metric:, 0.6292257308959961
871/1000, Metric:, 0.6297431588172913
872/1000, Metric:, 0.6303424835205078
873/1000, Metric:, 0.6303513646125793
874/1000, Metric:, 0.6308698654174805
875/1000, Metric:, 0.6297377943992615
876/1000, Metric:, 0.6289470791816711
877/1000, Metric:, 0.6284459829330444
878/1000, Metric:, 0.6291671395301819
879/1000, Metric:, 0.62860107421875
880/1000, Metric:, 0.627717137336731
881/1000, Metric:, 0.6281929612159729
882/1000, Metric:, 0.6285741329193115
883/1000, Metric:, 0.6278386116027832
884/1000, Metric:, 0.6276030540466309
885/1000, Metric:, 0.6282446384429932
886/1000, Metric:, 0.6282870173454285
887/1000, Metric:, 0.6289659738540649
888/1000, Metric:, 0.6282728910446167
889/1000, Metric:, 0.6281737089157104
890/1000, Metric:, 0.6271010637283325
891/1000, Metric:, 0.6279466152191162
892/1000, Metric:, 0.628200113773346
893/1000, Metric:, 0.628818690776825
894/1000, Metric:, 0.6290590763092041
895/1000, Metric:, 0.6286092400550842
896/1000, Metric:, 0.6285550594329834
897/1000, Metric:, 0.6284265518188477
898/1000, Metric:, 0.6291859149932861
899/1000, Metric:, 0.6299222707748413
900/1000, Metric:, 0.6306650638580322
901/1000, Metric:, 0.6308823823928833
902/1000, Metric:, 0.6315194368362427
903/1000, Metric:, 0.6317307949066162
904/1000, Metric:, 0.6322005987167358
905/1000, Metric:, 0.632993221282959
906/1000, Metric:, 0.6333389282226562
907/1000, Metric:, 0.6336683630943298
908/1000, Metric:, 0.6336519718170166
909/1000, Metric:, 0.6338099241256714
910/1000, Metric:, 0.6329647302627563
911/1000, Metric:, 0.6333717703819275
912/1000, Metric:, 0.6340656876564026
913/1000, Metric:, 0.6326631307601929
914/1000, Metric:, 0.6329262256622314
915/1000, Metric:, 0.6333698034286499
916/1000, Metric:, 0.6323115825653076
917/1000, Metric:, 0.6318915486335754
918/1000, Metric:, 0.6322376728057861
919/1000, Metric:, 0.6320996284484863
920/1000, Metric:, 0.6327375173568726
921/1000, Metric:, 0.6316796541213989
922/1000, Metric:, 0.631720781326294
923/1000, Metric:, 0.6313813328742981
924/1000, Metric:, 0.6302722692489624
925/1000, Metric:, 0.6305938959121704
926/1000, Metric:, 0.6309069395065308
927/1000, Metric:, 0.6297354698181152
928/1000, Metric:, 0.630477786064148
929/1000, Metric:, 0.6297522783279419
930/1000, Metric:, 0.6296949982643127
931/1000, Metric:, 0.6288650631904602
932/1000, Metric:, 0.6295325756072998
933/1000, Metric:, 0.6293606758117676
934/1000, Metric:, 0.6283892393112183
935/1000, Metric:, 0.6287550926208496
936/1000, Metric:, 0.6282745599746704
937/1000, Metric:, 0.6289852261543274
938/1000, Metric:, 0.6293673515319824
939/1000, Metric:, 0.6287901401519775
940/1000, Metric:, 0.6292206048965454
941/1000, Metric:, 0.6288079023361206
942/1000, Metric:, 0.6295625567436218
943/1000, Metric:, 0.6290674209594727
944/1000, Metric:, 0.6293283700942993
945/1000, Metric:, 0.6298588514328003
946/1000, Metric:, 0.6291083097457886
947/1000, Metric:, 0.629824161529541
948/1000, Metric:, 0.6301008462905884
949/1000, Metric:, 0.6290233135223389
950/1000, Metric:, 0.6293783187866211
951/1000, Metric:, 0.6295008659362793
952/1000, Metric:, 0.6299211978912354
953/1000, Metric:, 0.6305599808692932
954/1000, Metric:, 0.6307507753372192
955/1000, Metric:, 0.6305290460586548
956/1000, Metric:, 0.6308761835098267
957/1000, Metric:, 0.6313251256942749
958/1000, Metric:, 0.631766676902771
959/1000, Metric:, 0.632239580154419
960/1000, Metric:, 0.6318291425704956
961/1000, Metric:, 0.6318948864936829
962/1000, Metric:, 0.6326346397399902
963/1000, Metric:, 0.6323445439338684
964/1000, Metric:, 0.6315906047821045
965/1000, Metric:, 0.6311211585998535
966/1000, Metric:, 0.631084680557251
967/1000, Metric:, 0.6316431164741516
968/1000, Metric:, 0.6319184303283691
969/1000, Metric:, 0.6314809322357178
970/1000, Metric:, 0.6308900117874146
971/1000, Metric:, 0.6312812566757202
972/1000, Metric:, 0.6310526132583618
973/1000, Metric:, 0.6310298442840576
974/1000, Metric:, 0.6309049129486084
975/1000, Metric:, 0.6314644813537598
976/1000, Metric:, 0.6312047243118286
977/1000, Metric:, 0.6305414438247681
978/1000, Metric:, 0.6306402087211609
979/1000, Metric:, 0.6298490762710571
980/1000, Metric:, 0.6292257308959961
981/1000, Metric:, 0.6298418045043945
982/1000, Metric:, 0.6303244829177856
983/1000, Metric:, 0.6293861865997314
984/1000, Metric:, 0.6284992694854736
985/1000, Metric:, 0.6291132569313049
986/1000, Metric:, 0.629535436630249
987/1000, Metric:, 0.6289021968841553
988/1000, Metric:, 0.6284991502761841
989/1000, Metric:, 0.6274002194404602
990/1000, Metric:, 0.6278346180915833
991/1000, Metric:, 0.6285486221313477
992/1000, Metric:, 0.6283835172653198
993/1000, Metric:, 0.6290367841720581
994/1000, Metric:, 0.6296428442001343
995/1000, Metric:, 0.6295186281204224
996/1000, Metric:, 0.6297298669815063
997/1000, Metric:, 0.628620982170105
998/1000, Metric:, 0.6288546919822693
999/1000, Metric:, 0.6294715404510498
1000/1000, Metric:, 0.6300179958343506
